,date,0
2010-01-14,2010-01-04,0.0
2010-02-11,2010-01-04,0.0
2010-03-11,2010-01-04,0.0
2010-01-14,2010-01-05,0.0
2010-02-11,2010-01-05,0.0
2010-03-11,2010-01-05,-0.10000000000000053
2010-01-14,2010-01-06,0.0
2010-02-11,2010-01-06,0.0
2010-03-11,2010-01-06,1.1500000000000004
2010-01-14,2010-01-07,0.0
2010-02-11,2010-01-07,0.0
2010-03-11,2010-01-07,-1.0
2010-01-14,2010-01-08,0.0
2010-02-11,2010-01-08,0.0
2010-03-11,2010-01-08,0.25
2010-01-14,2010-01-11,0.0
2010-02-11,2010-01-11,0.0
2010-01-14,2010-01-12,0.0
2010-02-11,2010-01-12,0.0
2010-01-14,2010-01-13,0.0
2010-02-11,2010-01-13,0.0
2010-01-14,2010-01-14,0.0
2010-02-11,2010-01-14,0.0
2010-02-11,2010-01-15,0.0
2010-02-11,2010-01-18,0.0
2010-03-11,2010-01-18,0.0
2010-02-11,2010-01-19,0.0
2010-03-11,2010-01-19,0.5500000000000007
2010-02-11,2010-01-20,0.0
2010-03-11,2010-01-20,0.0
2010-02-11,2010-01-21,0.0
2010-03-11,2010-01-21,0.6999999999999993
2010-02-11,2010-01-22,0.0
2010-03-11,2010-01-22,-3.1499999999999995
2010-02-11,2010-01-25,0.0
2010-02-11,2010-01-26,0.0
2010-02-11,2010-01-27,0.0
2010-02-11,2010-01-28,0.0
2010-02-11,2010-01-29,0.0
2010-02-11,2010-02-01,0.0
2010-02-11,2010-02-02,0.0
2010-02-11,2010-02-03,0.0
2010-02-11,2010-02-04,0.0
2010-02-11,2010-02-05,0.0
2010-02-11,2010-02-08,0.0
2010-02-11,2010-02-09,0.0
2010-02-11,2010-02-10,0.0
2010-02-11,2010-02-11,0.0
2010-04-08,2010-02-12,0.0
2010-04-08,2010-02-16,1.0499999999999998
2010-04-08,2010-02-17,1.6500000000000004
2010-04-08,2010-02-18,-0.30000000000000027
2010-04-08,2010-02-19,-1.3000000000000003
2010-04-08,2010-02-22,3.660000000000001
2010-04-08,2010-02-23,0.28999999999999915
2010-04-08,2010-02-24,-2.25
2010-04-08,2010-02-25,-5.2
2010-05-13,2010-03-08,0.0
2010-05-13,2010-03-09,0.04999999999999982
2010-05-13,2010-03-10,0.09999999999999964
2010-05-13,2010-03-11,-0.39999999999999947
2010-05-13,2010-03-12,0.5999999999999996
2010-05-13,2010-03-15,-1.6999999999999993
2010-05-13,2010-03-16,0.75
2010-05-13,2010-03-17,5.77
2010-05-13,2010-03-18,-0.5199999999999996
2010-05-13,2010-03-19,1.6199999999999997
2010-05-13,2010-03-22,-2.3700000000000006
2010-05-13,2010-03-23,3.1100000000000003
2010-05-13,2010-03-24,0.8800000000000003
2010-05-13,2010-03-25,-0.7500000000000009
2010-05-13,2010-03-26,2.5000000000000004
2010-05-13,2010-03-29,-0.26999999999999913
2010-05-13,2010-03-30,2.0199999999999996
2010-05-13,2010-03-31,-0.7700000000000009
2010-05-13,2010-04-01,7.290000000000001
2010-05-13,2010-04-02,2.9599999999999995
2010-05-13,2010-04-05,1.9400000000000008
2010-06-10,2010-04-05,0.0
2010-05-13,2010-04-06,0.6799999999999988
2010-06-10,2010-04-06,0.14999999999999947
2010-05-13,2010-04-07,-0.24999999999999956
2010-06-10,2010-04-07,-0.04999999999999982
2010-05-13,2010-04-08,0.7600000000000002
2010-06-10,2010-04-08,0.35000000000000053
2010-05-13,2010-04-09,-1.76
2010-06-10,2010-04-09,-0.9000000000000004
2010-06-10,2010-04-16,0.0
2010-06-10,2010-04-19,-2.3999999999999995
2010-06-10,2010-04-26,0.0
2010-06-10,2010-04-27,0.15000000000000036
2010-06-10,2010-04-28,-1.75
2010-06-10,2010-04-29,-0.20000000000000018
2010-06-10,2010-04-30,1.5
2010-06-10,2010-05-03,-3.9
2010-07-08,2010-05-28,0.0
2010-07-08,2010-05-31,0.6499999999999995
2010-07-08,2010-06-01,-0.20000000000000018
2010-07-08,2010-06-03,2.1500000000000004
2010-07-08,2010-06-04,0.18000000000000016
2010-07-08,2010-06-07,-1.4300000000000002
2010-08-12,2010-06-07,0.0
2010-07-08,2010-06-08,0.9500000000000002
2010-08-12,2010-06-08,1.2000000000000002
2010-07-08,2010-06-09,-0.0900000000000003
2010-08-12,2010-06-09,-1.0500000000000007
2010-07-08,2010-06-10,0.6000000000000001
2010-08-12,2010-06-10,1.25
2010-07-08,2010-06-11,0.9199999999999999
2010-08-12,2010-06-11,1.5500000000000007
2010-07-08,2010-06-14,0.4800000000000001
2010-08-12,2010-06-14,1.9999999999999991
2010-08-12,2010-06-15,0.5000000000000009
2010-08-12,2010-06-16,2.5999999999999996
2010-08-12,2010-06-17,-0.3600000000000003
2010-08-12,2010-06-18,0.44000000000000083
2010-08-12,2010-06-21,4.58
2010-08-12,2010-06-22,-1.39
2010-08-12,2010-06-23,-1.2300000000000002
2010-08-12,2010-06-24,3.58
2010-08-12,2010-06-25,-3.6700000000000004
2010-08-12,2010-06-28,0.6300000000000006
2010-08-12,2010-06-29,-8.89
2010-09-09,2010-07-09,0.0
2010-09-09,2010-07-12,0.5
2010-09-09,2010-07-13,1.0999999999999996
2010-09-09,2010-07-14,2.0999999999999996
2010-09-09,2010-07-15,-0.5999999999999996
2010-09-09,2010-07-16,-1.9000000000000004
2010-09-09,2010-07-19,-1.5
2010-09-09,2010-07-20,1.4000000000000021
2010-09-09,2010-07-21,3.599999999999998
2010-09-09,2010-07-22,-3.1999999999999993
2010-09-09,2010-07-23,5.800000000000001
2010-09-09,2010-07-26,2.299999999999999
2010-09-09,2010-07-27,1.2600000000000016
2010-09-09,2010-07-28,3.119999999999999
2010-09-09,2010-07-29,-0.7000000000000002
2010-09-09,2010-07-30,-3.38
2010-09-09,2010-08-02,8.72
2010-09-09,2010-08-03,3.1300000000000003
2010-09-09,2010-08-04,-0.5599999999999996
2010-09-09,2010-08-05,0.14000000000000012
2010-09-09,2010-08-06,0.2899999999999987
2010-10-14,2010-08-20,0.0
2010-10-14,2010-08-23,-0.15000000000000036
2010-10-14,2010-08-24,-1.0999999999999996
2010-10-14,2010-08-25,-3.5
2010-10-14,2010-08-26,0.0
2010-10-14,2010-08-27,0.09999999999999964
2010-11-11,2010-09-06,0.0
2010-11-11,2010-09-07,-0.14999999999999947
2010-11-11,2010-09-08,-0.6000000000000005
2010-11-11,2010-09-09,0.7000000000000002
2010-11-11,2010-09-10,1.0
2010-11-11,2010-09-13,2.2499999999999996
2010-11-11,2010-09-14,-0.4500000000000002
2010-11-11,2010-09-15,1.3899999999999997
2010-11-11,2010-09-16,-2.189999999999999
2010-11-11,2010-09-17,1.9499999999999997
2010-11-11,2010-09-20,1.2499999999999991
2010-11-11,2010-09-24,2.460000000000001
2010-11-11,2010-09-27,3.82
2010-11-11,2010-09-28,-0.38000000000000034
2010-11-11,2010-09-29,3.33
2010-11-11,2010-09-30,0.5900000000000001
2010-11-11,2010-10-01,3.1500000000000004
2010-11-11,2010-10-04,1.0599999999999998
2010-12-09,2010-10-04,0.0
2010-11-11,2010-10-05,1.2399999999999995
2010-12-09,2010-10-05,0.04999999999999982
2010-11-11,2010-10-06,5.15
2010-12-09,2010-10-06,1.2000000000000002
2010-11-11,2010-10-07,-0.41999999999999993
2010-12-09,2010-10-07,-0.25
2010-11-11,2010-10-08,-0.3300000000000005
2010-12-09,2010-10-08,-0.20000000000000018
2010-11-11,2010-10-11,-1.3899999999999997
2010-12-09,2010-10-11,-0.35000000000000053
2010-11-11,2010-10-12,-4.290000000000001
2010-12-09,2010-10-12,-2.8999999999999995
2010-12-09,2010-10-25,0.0
2010-12-09,2010-10-26,0.25000000000000044
2010-12-09,2010-10-27,-0.6999999999999997
2010-12-09,2010-10-28,0.14999999999999947
2010-12-09,2010-10-29,-2.7
2010-12-09,2010-11-01,5.16
2010-12-09,2010-11-02,-0.27999999999999936
2010-12-09,2010-11-03,1.5399999999999996
2010-12-09,2010-11-04,0.4600000000000002
2010-12-09,2010-11-05,-0.13000000000000012
2010-12-09,2010-11-08,0.8900000000000001
2011-01-13,2010-11-08,0.0
2010-12-09,2010-11-09,0.6100000000000001
2011-01-13,2010-11-09,0.5
2010-12-09,2010-11-10,1.2199999999999998
2011-01-13,2010-11-10,1.2000000000000002
2010-12-09,2010-11-11,-0.3700000000000001
2011-01-13,2010-11-11,-0.5
2010-12-09,2010-11-12,-1.75
2011-01-13,2010-11-12,-2.6499999999999995
2011-01-13,2010-11-22,0.0
2011-01-13,2010-11-23,-1.4500000000000002
2011-01-13,2010-11-24,0.25
2011-01-13,2010-11-25,0.5
2011-01-13,2010-11-26,-2.250000000000001
2011-01-13,2010-11-29,-1.0
2011-01-13,2010-11-30,2.5500000000000007
2011-01-13,2010-12-01,4.0
2011-01-13,2010-12-02,4.9
2011-01-13,2010-12-03,2.2300000000000004
2011-01-13,2010-12-06,0.21999999999999975
2011-02-10,2010-12-06,0.0
2011-01-13,2010-12-07,2.4400000000000013
2011-02-10,2010-12-07,0.7000000000000002
2011-01-13,2010-12-08,-2.0100000000000007
2011-02-10,2010-12-08,-0.20000000000000018
2011-01-13,2010-12-09,5.78
2011-02-10,2010-12-09,1.6500000000000004
2011-01-13,2010-12-10,1.6799999999999997
2011-02-10,2010-12-10,0.20000000000000018
2011-01-13,2010-12-13,0.96
2011-02-10,2010-12-13,1.5499999999999994
2011-01-13,2010-12-14,0.8300000000000001
2011-02-10,2010-12-14,2.1999999999999997
2011-01-13,2010-12-15,0.2100000000000002
2011-02-10,2010-12-15,0.16000000000000014
2011-01-13,2010-12-16,-0.050000000000000044
2011-02-10,2010-12-16,-0.6600000000000001
2011-01-13,2010-12-17,0.43999999999999995
2011-02-10,2010-12-17,2.38
2011-01-13,2010-12-20,-0.3600000000000001
2011-02-10,2010-12-20,-1.3499999999999992
2011-01-13,2010-12-21,0.4800000000000002
2011-02-10,2010-12-21,4.3999999999999995
2011-01-13,2010-12-22,0.07999999999999985
2011-02-10,2010-12-22,-0.08000000000000052
2011-02-10,2010-12-23,0.33000000000000007
2011-02-10,2010-12-24,-2.0299999999999994
2011-02-10,2010-12-27,-0.36000000000000076
2011-03-10,2011-01-03,0.0
2011-03-10,2011-01-04,0.6499999999999995
2011-03-10,2011-01-05,-0.14999999999999947
2011-03-10,2011-01-06,-0.20000000000000018
2011-03-10,2011-01-07,0.5499999999999998
2011-03-10,2011-01-10,-1.4000000000000004
2011-03-10,2011-01-11,1.4500000000000002
2011-03-10,2011-01-14,0.0
2011-03-10,2011-01-17,-0.04999999999999982
2011-03-10,2011-01-18,-1.1000000000000014
2011-03-10,2011-01-19,3.3000000000000007
2011-03-10,2011-01-20,-0.9000000000000004
2011-03-10,2011-01-21,-5.699999999999999
2011-03-10,2011-01-28,0.0
2011-03-10,2011-01-31,-2.35
2011-03-10,2011-02-01,0.15000000000000036
2011-03-10,2011-02-07,0.6999999999999993
2011-04-14,2011-02-07,0.0
2011-03-10,2011-02-08,-0.7999999999999998
2011-04-14,2011-02-08,-1.7000000000000002
2011-04-14,2011-03-04,0.0
2011-04-14,2011-03-07,-2.25
2011-05-12,2011-03-07,0.0
2011-04-14,2011-03-08,1.2000000000000002
2011-05-12,2011-03-08,0.8999999999999995
2011-04-14,2011-03-09,0.1999999999999993
2011-05-12,2011-03-09,0.10000000000000053
2011-04-14,2011-03-10,-1.6999999999999993
2011-05-12,2011-03-10,-1.2000000000000002
2011-04-14,2011-03-11,-2.5500000000000007
2011-05-12,2011-03-11,-1.7000000000000002
2011-05-12,2011-03-18,0.0
2011-05-12,2011-03-21,1.8000000000000007
2011-05-12,2011-03-22,1.6499999999999995
2011-05-12,2011-03-23,-0.20000000000000018
2011-05-12,2011-03-24,2.5500000000000003
2011-05-12,2011-03-25,2.1999999999999997
2011-05-12,2011-03-28,0.8699999999999997
2011-05-12,2011-03-29,2.1100000000000003
2011-05-12,2011-03-30,2.2300000000000004
2011-05-12,2011-03-31,1.2199999999999998
2011-05-12,2011-04-01,1.0499999999999998
2011-05-12,2011-04-04,-0.4899999999999993
2011-06-09,2011-04-04,0.0
2011-05-12,2011-04-05,1.6
2011-06-09,2011-04-05,0.7999999999999998
2011-05-12,2011-04-06,-0.71
2011-06-09,2011-04-06,-0.5
2011-05-12,2011-04-07,-1.1200000000000006
2011-06-09,2011-04-07,-0.2999999999999998
2011-05-12,2011-04-08,0.27000000000000046
2011-06-09,2011-04-08,0.34999999999999964
2011-05-12,2011-04-11,0.33999999999999986
2011-06-09,2011-04-11,-0.40000000000000036
2011-05-12,2011-04-12,-4.45
2011-06-09,2011-04-12,-5.549999999999999
2011-06-09,2011-04-15,0.0
2011-06-09,2011-04-18,-0.5
2011-06-09,2011-04-19,-0.7999999999999989
2011-06-09,2011-04-20,5.6
2011-06-09,2011-04-21,2.1999999999999993
2011-06-09,2011-04-22,0.08000000000000007
2011-06-09,2011-04-25,1.17
2011-06-09,2011-04-26,-1.2799999999999994
2011-06-09,2011-04-27,0.23999999999999932
2011-06-09,2011-04-28,0.030000000000001137
2011-06-09,2011-04-29,-1.6900000000000004
2011-06-09,2011-05-02,8.75
2011-06-09,2011-05-03,-5.710000000000001
2011-06-09,2011-05-04,-4.139999999999999
2011-07-14,2011-05-27,0.0
2011-07-14,2011-05-30,-0.75
2011-07-14,2011-05-31,5.35
2011-07-14,2011-06-01,0.4500000000000002
2011-07-14,2011-06-02,-2.9
2011-07-14,2011-06-03,0.2999999999999998
2011-07-14,2011-06-07,-2.1000000000000005
2011-07-14,2011-06-08,-4.249999999999999
2011-08-11,2011-06-24,0.0
2011-08-11,2011-06-27,-1.6500000000000004
2011-08-11,2011-06-28,-0.5499999999999998
2011-08-11,2011-06-29,3.4499999999999993
2011-08-11,2011-06-30,1.2500000000000009
2011-08-11,2011-07-01,3.2499999999999996
2011-08-11,2011-07-04,3.0300000000000002
2011-09-08,2011-07-04,0.0
2011-08-11,2011-07-05,1.8399999999999994
2011-09-08,2011-07-05,0.9500000000000002
2011-08-11,2011-07-06,0.6300000000000003
2011-09-08,2011-07-06,0.5
2011-08-11,2011-07-07,0.29000000000000004
2011-09-08,2011-07-07,0.39999999999999947
2011-08-11,2011-07-08,0.07999999999999985
2011-09-08,2011-07-08,0.0
2011-08-11,2011-07-11,-1.21
2011-09-08,2011-07-11,-2.6500000000000004
2011-08-11,2011-07-12,-5.140000000000001
2011-09-08,2011-07-12,-11.7
2011-09-08,2011-07-29,0.0
2011-09-08,2011-08-01,2.75
2011-09-08,2011-08-02,-3.3
2011-10-13,2011-08-29,0.0
2011-10-13,2011-08-30,1.9500000000000002
2011-10-13,2011-08-31,1.8499999999999996
2011-10-13,2011-09-01,-0.39999999999999947
2011-10-13,2011-09-02,-0.9500000000000002
2011-10-13,2011-09-05,-10.2
2011-11-10,2011-09-05,0.0
2011-10-13,2011-09-06,-5.25
2011-11-10,2011-09-06,-2.9000000000000004
2011-12-08,2011-10-07,0.0
2011-12-08,2011-10-10,0.6499999999999986
2011-12-08,2011-10-11,4.600000000000001
2011-12-08,2011-10-12,2.1999999999999993
2011-12-08,2011-10-13,2.8000000000000007
2011-12-08,2011-10-14,1.1999999999999993
2011-12-08,2011-10-17,4.1
2011-12-08,2011-10-18,-7.35
2011-12-08,2011-10-19,6.95
2011-12-08,2011-10-20,-15.849999999999998
2011-12-08,2011-10-21,8.6
2011-12-08,2011-10-24,15.95
2011-12-08,2011-10-25,-2.8
2011-12-08,2011-10-26,0.049999999999998046
2011-12-08,2011-10-27,11.98
2011-12-08,2011-10-28,2.6500000000000004
2011-12-08,2011-10-31,-3.4000000000000004
2011-12-08,2011-11-01,-1.4999999999999982
2011-12-08,2011-11-02,-4.2
2012-01-12,2011-12-02,0.0
2012-01-12,2011-12-05,0.4499999999999993
2012-02-09,2011-12-05,0.0
2012-01-12,2011-12-06,-1.3499999999999996
2012-02-09,2011-12-06,-1.700000000000001
2012-01-12,2011-12-07,0.4500000000000002
2012-02-09,2011-12-07,0.9500000000000011
2012-01-12,2011-12-08,0.04999999999999982
2012-02-09,2011-12-08,-0.3000000000000007
2012-01-12,2011-12-09,-3.9499999999999993
2012-02-09,2011-12-09,-3.1500000000000004
2012-01-12,2011-12-12,3.5999999999999996
2012-02-09,2011-12-12,5.35
2012-01-12,2011-12-13,-3.0999999999999996
2012-02-09,2011-12-13,-6.599999999999998
2012-01-12,2011-12-14,-0.25
2012-02-09,2011-12-14,-0.05000000000000071
2012-03-08,2012-01-06,0.0
2012-03-08,2012-01-09,-1.25
2012-03-08,2012-01-10,5.199999999999999
2012-03-08,2012-01-11,-0.20000000000000018
2012-03-08,2012-01-12,2.3500000000000005
2012-03-08,2012-01-13,2.0999999999999996
2012-03-08,2012-01-16,-3.3500000000000005
2012-03-08,2012-01-17,7.7
2012-03-08,2012-01-18,-0.5499999999999985
2012-03-08,2012-01-19,4.609999999999999
2012-03-08,2012-01-20,3.7300000000000004
2012-03-08,2012-01-25,2.600000000000001
2012-03-08,2012-01-26,1.0699999999999996
2012-03-08,2012-01-27,0.24
2012-03-08,2012-01-30,-2.87
2012-03-08,2012-01-31,3.33
2012-03-08,2012-02-01,0.28000000000000047
2012-03-08,2012-02-02,3.5999999999999996
2012-03-08,2012-02-03,-0.8500000000000003
2012-03-08,2012-02-06,0.5599999999999998
2012-04-12,2012-02-06,0.0
2012-03-08,2012-02-07,1.1800000000000004
2012-04-12,2012-02-07,0.34999999999999964
2012-03-08,2012-02-08,3.1799999999999997
2012-04-12,2012-02-08,1.7000000000000002
2012-03-08,2012-02-09,0.19999999999999973
2012-04-12,2012-02-09,0.2999999999999998
2012-03-08,2012-02-10,-1.2099999999999995
2012-04-12,2012-02-10,-1.0499999999999998
2012-03-08,2012-02-13,1.3299999999999998
2012-04-12,2012-02-13,1.9000000000000004
2012-03-08,2012-02-14,0.43999999999999995
2012-04-12,2012-02-14,0.2499999999999991
2012-03-08,2012-02-15,1.5
2012-04-12,2012-02-15,3.6000000000000005
2012-03-08,2012-02-16,-0.8999999999999999
2012-04-12,2012-02-16,-4.65
2012-04-12,2012-02-17,0.0
2012-04-12,2012-02-20,0.0
2012-04-12,2012-02-21,0.3000000000000007
2012-04-12,2012-02-22,0.09999999999999964
2012-04-12,2012-02-23,-2.0
2012-04-12,2012-02-24,1.9000000000000004
2012-04-12,2012-03-02,0.0
2012-04-12,2012-03-05,-1.0
2012-05-10,2012-03-05,0.0
2012-04-12,2012-03-06,-0.9499999999999993
2012-05-10,2012-03-06,-0.39999999999999947
2012-04-12,2012-03-07,-1.5
2012-05-10,2012-03-07,-1.3499999999999996
2012-05-10,2012-03-16,0.0
2012-05-10,2012-03-19,0.75
2012-05-10,2012-03-20,-0.7000000000000002
2012-05-10,2012-03-21,-0.9999999999999991
2012-05-10,2012-03-22,0.6999999999999993
2012-05-10,2012-03-23,-0.4500000000000002
2012-05-10,2012-03-26,-0.1999999999999993
2012-05-10,2012-03-27,5.999999999999998
2012-05-10,2012-03-28,-1.649999999999999
2012-05-10,2012-03-29,-4.3
2012-05-10,2012-03-30,-1.3499999999999996
2012-05-10,2012-04-02,7.199999999999998
2012-05-10,2012-04-03,6.280000000000001
2012-05-10,2012-04-04,-5.229999999999999
2012-05-10,2012-04-05,2.55
2012-05-10,2012-04-06,0.8999999999999995
2012-05-10,2012-04-09,-8.7
2012-06-14,2012-04-09,0.0
2012-05-10,2012-04-10,-0.6500000000000021
2012-06-14,2012-04-10,-0.1999999999999993
2012-05-10,2012-04-12,-6.299999999999997
2012-06-14,2012-04-12,-1.1500000000000004
2012-06-14,2012-05-04,0.0
2012-06-14,2012-05-07,-2.7
2012-07-12,2012-06-01,0.0
2012-07-12,2012-06-04,-3.3000000000000007
2012-08-09,2012-06-08,0.0
2012-08-09,2012-06-11,1.8500000000000005
2012-08-09,2012-06-12,-1.25
2012-08-09,2012-06-13,-0.04999999999999982
2012-08-09,2012-06-14,0.25
2012-08-09,2012-06-15,-0.9000000000000004
2012-08-09,2012-06-18,8.3
2012-08-09,2012-06-19,1.2500000000000018
2012-08-09,2012-06-20,2.299999999999999
2012-08-09,2012-06-21,-0.9499999999999993
2012-08-09,2012-06-22,-12.0
2012-09-13,2012-07-09,0.0
2012-09-13,2012-07-10,-0.34999999999999964
2012-09-13,2012-07-11,0.14999999999999947
2012-09-13,2012-07-12,-2.1499999999999995
2012-09-13,2012-07-30,0.0
2012-09-13,2012-07-31,1.7000000000000002
2012-09-13,2012-08-01,0.10000000000000009
2012-09-13,2012-08-02,-0.8000000000000003
2012-09-13,2012-08-03,-0.25
2012-09-13,2012-08-06,3.620000000000001
2012-10-11,2012-08-06,0.0
2012-09-13,2012-08-07,0.39999999999999947
2012-10-11,2012-08-07,0.39999999999999947
2012-09-13,2012-08-08,1.12
2012-10-11,2012-08-08,0.7000000000000002
2012-09-13,2012-08-09,1.6600000000000001
2012-10-11,2012-08-09,1.3000000000000003
2012-09-13,2012-08-10,0.18000000000000016
2012-10-11,2012-08-10,0.25
2012-09-13,2012-08-13,-0.14000000000000012
2012-10-11,2012-08-13,-0.75
2012-09-13,2012-08-14,1.04
2012-10-11,2012-08-14,3.4299999999999997
2012-10-11,2012-08-16,0.2100000000000013
2012-10-11,2012-08-17,-1.3100000000000014
2012-10-11,2012-08-20,-0.1299999999999999
2012-10-11,2012-08-21,-0.44999999999999885
2012-10-11,2012-08-22,-4.300000000000001
2012-10-11,2012-08-23,4.100000000000001
2012-10-11,2012-08-24,-6.949999999999999
2012-11-08,2012-09-07,0.0
2012-11-08,2012-09-10,0.15000000000000036
2012-11-08,2012-09-11,-1.0999999999999996
2012-11-08,2012-09-12,3.3999999999999986
2012-11-08,2012-09-13,0.6000000000000014
2012-11-08,2012-09-14,4.1
2012-11-08,2012-09-17,0.040000000000000036
2012-11-08,2012-09-18,0.8600000000000003
2012-11-08,2012-09-19,0.9099999999999993
2012-11-08,2012-09-20,-3.25
2012-11-08,2012-09-21,1.6000000000000005
2012-11-08,2012-09-24,1.1999999999999997
2012-11-08,2012-09-25,-0.43999999999999995
2012-11-08,2012-09-26,-3.6899999999999995
2012-12-13,2012-11-02,0.0
2012-12-13,2012-11-05,-0.3999999999999999
2013-01-10,2012-11-05,0.0
2012-12-13,2012-11-06,1.0499999999999998
2013-01-10,2012-11-06,1.0999999999999996
2012-12-13,2012-11-07,0.43000000000000016
2013-01-10,2012-11-07,0.4500000000000002
2012-12-13,2012-11-08,-1.4300000000000002
2013-01-10,2012-11-08,-1.5499999999999998
2012-12-13,2012-11-09,0.09999999999999964
2013-01-10,2012-11-09,-0.09999999999999964
2013-01-10,2012-11-23,0.0
2013-01-10,2012-11-26,-0.15000000000000036
2013-01-10,2012-11-27,2.2
2013-01-10,2012-11-28,-0.7999999999999998
2013-01-10,2012-11-29,2.12
2013-01-10,2012-11-30,0.45999999999999996
2013-01-10,2012-12-03,0.35999999999999943
2013-01-10,2012-12-04,-0.71
2013-01-10,2012-12-05,2.4200000000000004
2013-01-10,2012-12-06,0.24999999999999956
2013-01-10,2012-12-07,1.4500000000000002
2013-01-10,2012-12-10,0.21999999999999975
2013-02-14,2012-12-10,0.0
2013-01-10,2012-12-11,0.7700000000000005
2013-02-14,2012-12-11,0.25
2013-01-10,2012-12-12,1.4499999999999997
2013-02-14,2012-12-12,0.9500000000000002
2013-01-10,2012-12-13,0.56
2013-02-14,2012-12-13,1.0
2013-01-10,2012-12-14,0.22999999999999998
2013-02-14,2012-12-14,0.5
2013-02-14,2012-12-17,-1.0
2013-02-14,2012-12-18,2.05
2013-02-14,2012-12-20,-0.2499999999999991
2013-02-14,2012-12-21,-2.500000000000001
2013-02-14,2013-01-04,0.0
2013-02-14,2013-01-07,0.40000000000000036
2013-03-14,2013-01-07,0.0
2013-02-14,2013-01-08,-1.0499999999999998
2013-03-14,2013-01-08,-0.8999999999999995
2013-02-14,2013-01-09,-0.5
2013-03-14,2013-01-09,-0.15000000000000036
2013-02-14,2013-01-10,1.1999999999999997
2013-03-14,2013-01-10,0.7000000000000002
2013-03-14,2013-02-01,0.0
2013-03-14,2013-02-04,-0.2999999999999998
2013-04-11,2013-02-04,0.0
2013-03-14,2013-02-05,-0.9000000000000004
2013-04-11,2013-02-05,-1.0499999999999998
2013-04-11,2013-02-15,0.0
2013-04-11,2013-02-18,-0.09999999999999964
2013-04-11,2013-02-19,1.1999999999999993
2013-04-11,2013-02-20,3.0800000000000005
2013-04-11,2013-02-21,-0.7600000000000002
2013-04-11,2013-02-22,0.3600000000000003
2013-04-11,2013-02-25,-1.3100000000000005
2013-04-11,2013-02-26,-2.42
2013-04-11,2013-02-27,0.4800000000000004
2013-04-11,2013-02-28,4.34
2013-04-11,2013-03-04,-2.7600000000000002
2013-05-09,2013-03-04,0.0
2013-04-11,2013-03-05,1.54
2013-05-09,2013-03-05,0.0
2013-04-11,2013-03-06,0.54
2013-05-09,2013-03-06,-0.25
2013-04-11,2013-03-07,-3.3600000000000003
2013-05-09,2013-03-07,-0.75
2013-05-09,2013-03-29,0.0
2013-05-09,2013-04-01,0.0
2013-05-09,2013-04-02,-1.2999999999999998
2013-05-09,2013-04-03,0.0
2013-05-09,2013-04-04,-2.6500000000000004
2013-06-13,2013-04-26,0.0
2013-06-13,2013-04-29,-0.25
2013-06-13,2013-04-30,2.6399999999999997
2013-06-13,2013-05-02,-0.6399999999999997
2013-06-13,2013-05-03,0.5999999999999996
2013-06-13,2013-05-06,-0.4299999999999997
2013-07-11,2013-05-06,0.0
2013-06-13,2013-05-07,0.040000000000000036
2013-07-11,2013-05-07,-0.25
2013-06-13,2013-05-08,0.4299999999999997
2013-07-11,2013-05-08,0.34999999999999964
2013-06-13,2013-05-09,3.29
2013-07-11,2013-05-09,1.2000000000000002
2013-06-13,2013-05-10,-6.18
2013-07-11,2013-05-10,-2.4000000000000004
2013-06-13,2013-05-13,2.1900000000000004
2013-07-11,2013-05-13,1.3500000000000005
2013-07-11,2013-05-20,0.0
2013-07-11,2013-05-21,0.25
2013-07-11,2013-05-22,0.5000000000000004
2013-07-11,2013-05-23,-1.5500000000000003
2013-07-11,2013-05-24,0.40000000000000036
2013-07-11,2013-05-27,0.8500000000000001
2013-07-11,2013-05-28,1.7999999999999998
2013-07-11,2013-05-29,2.0100000000000002
2013-07-11,2013-05-30,0.36999999999999966
2013-07-11,2013-05-31,0.8600000000000003
2013-07-11,2013-06-03,-1.0000000000000004
2013-08-08,2013-06-03,0.0
2013-07-11,2013-06-04,-0.18000000000000016
2013-08-08,2013-06-04,-0.5499999999999998
2013-07-11,2013-06-05,-7.21
2013-08-08,2013-06-05,-1.3499999999999996
2013-08-08,2013-06-28,0.0
2013-08-08,2013-07-01,0.34999999999999964
2013-08-08,2013-07-02,0.05000000000000071
2013-08-08,2013-07-03,-2.45
2013-08-08,2013-07-04,1.1499999999999995
2013-08-08,2013-07-05,-0.4499999999999993
2013-08-08,2013-07-08,-1.3500000000000005
2013-09-12,2013-07-08,0.0
2013-08-08,2013-07-09,1.5499999999999998
2013-09-12,2013-07-09,1.2000000000000002
2013-08-08,2013-07-10,-1.0
2013-09-12,2013-07-10,-0.6500000000000004
2013-08-08,2013-07-11,3.93
2013-09-12,2013-07-11,2.56
2013-08-08,2013-07-12,-0.17999999999999972
2013-09-12,2013-07-12,-0.10000000000000009
2013-08-08,2013-07-15,0.5800000000000001
2013-09-12,2013-07-15,0.6099999999999999
2013-08-08,2013-07-16,-0.8800000000000003
2013-09-12,2013-07-16,-1.8200000000000007
2013-08-08,2013-07-17,0.8200000000000003
2013-09-12,2013-07-17,2.220000000000001
2013-08-08,2013-07-18,-0.3400000000000003
2013-09-12,2013-07-18,-1.31
2013-08-08,2013-07-19,-0.07999999999999963
2013-09-12,2013-07-19,-0.14999999999999947
2013-08-08,2013-07-22,0.43999999999999995
2013-09-12,2013-07-22,1.1999999999999993
2013-08-08,2013-07-23,1.2599999999999998
2013-09-12,2013-07-23,7.1499999999999995
2013-08-08,2013-07-24,0.30000000000000004
2013-09-12,2013-07-24,2.0700000000000007
2013-08-08,2013-07-25,0.050000000000000044
2013-09-12,2013-07-25,0.34999999999999853
2013-08-08,2013-07-26,0.31000000000000005
2013-09-12,2013-07-26,1.6900000000000004
2013-09-12,2013-07-29,-1.4000000000000004
2013-09-12,2013-07-30,3.5200000000000014
2013-09-12,2013-07-31,-1.9399999999999995
2013-09-12,2013-08-01,3.339999999999999
2013-09-12,2013-08-02,2.38
2013-09-12,2013-08-05,-1.4799999999999995
2013-10-10,2013-08-05,0.0
2013-09-12,2013-08-06,-4.900000000000001
2013-10-10,2013-08-06,-0.8999999999999995
2013-10-10,2013-08-16,0.0
2013-10-10,2013-08-19,0.0
2013-10-10,2013-08-20,-3.9000000000000004
2013-10-10,2013-08-21,-3.599999999999998
2013-10-10,2013-08-30,0.0
2013-10-10,2013-09-02,0.39999999999999947
2013-10-10,2013-09-03,0.40000000000000036
2013-10-10,2013-09-04,-0.15000000000000036
2013-10-10,2013-09-05,1.0500000000000003
2013-10-10,2013-09-06,0.3700000000000001
2013-10-10,2013-09-09,0.5499999999999998
2013-11-14,2013-09-09,0.0
2013-10-10,2013-09-10,0.6099999999999999
2013-11-14,2013-09-10,1.0999999999999996
2013-10-10,2013-09-11,0.2400000000000001
2013-11-14,2013-09-11,0.6000000000000001
2013-10-10,2013-09-12,-0.07999999999999996
2013-11-14,2013-09-12,0.19999999999999973
2013-10-10,2013-09-13,-0.010000000000000009
2013-11-14,2013-09-13,-0.3999999999999999
2013-10-10,2013-09-16,0.33999999999999997
2013-11-14,2013-09-16,1.3699999999999997
2013-11-14,2013-09-17,-1.77
2013-11-14,2013-09-23,2.3
2013-11-14,2013-09-24,0.6800000000000006
2013-11-14,2013-09-25,-1.290000000000001
2013-12-12,2013-10-11,0.0
2013-12-12,2013-10-14,0.04999999999999982
2013-12-12,2013-10-15,1.8000000000000007
2013-12-12,2013-10-16,-0.20000000000000018
2013-12-12,2013-10-17,0.45999999999999996
2013-12-12,2013-10-18,1.3999999999999995
2013-12-12,2013-10-21,0.47999999999999954
2013-12-12,2013-10-22,0.4800000000000004
2013-12-12,2013-10-23,-5.1000000000000005
2013-12-12,2013-10-24,2.880000000000001
2014-01-09,2013-11-15,0.0
2014-01-09,2013-11-18,0.34999999999999964
2014-01-09,2013-11-19,2.24
2014-01-09,2013-11-20,-1.1900000000000004
2014-01-09,2013-11-21,-4.5
2014-01-09,2013-11-22,2.0500000000000007
2014-01-09,2013-11-25,3.0999999999999988
2014-01-09,2013-11-26,2.000000000000001
2014-01-09,2013-11-27,1.2399999999999993
2014-01-09,2013-11-28,2.380000000000001
2014-01-09,2013-11-29,0.7199999999999993
2014-01-09,2013-12-02,-2.39
2014-01-09,2013-12-03,-6.45
2014-01-09,2013-12-04,-7.7
2014-02-13,2013-12-23,0.0
2014-02-13,2013-12-24,0.49999999999999956
2014-02-13,2013-12-26,-0.1499999999999999
2014-02-13,2013-12-27,1.0
2014-02-13,2013-12-30,0.2400000000000002
2014-03-13,2013-12-30,0.0
2014-02-13,2014-01-02,-10.44
2014-03-13,2014-01-02,0.0
2014-03-13,2014-01-03,0.0
2014-03-13,2014-01-06,0.0
2014-03-13,2014-01-07,0.0
2014-03-13,2014-01-08,0.0
2014-03-13,2014-01-09,0.0
2014-03-13,2014-01-10,0.0
2014-03-13,2014-01-13,0.0
2014-03-13,2014-01-14,0.0
2014-03-13,2014-01-15,0.0
2014-03-13,2014-01-16,0.0
2014-03-13,2014-01-17,0.0
2014-03-13,2014-01-20,0.0
2014-03-13,2014-01-21,0.0
2014-03-13,2014-01-22,0.0
2014-03-13,2014-01-23,0.0
2014-03-13,2014-01-24,0.0
2014-03-13,2014-01-27,0.0
2014-03-13,2014-01-28,0.0
2014-03-13,2014-01-29,0.0
2014-03-13,2014-02-03,0.0
2014-03-13,2014-02-04,0.0
2014-03-13,2014-02-05,0.0
2014-03-13,2014-02-06,0.0
2014-03-13,2014-02-07,0.0
2014-03-13,2014-02-10,0.0
2014-04-10,2014-02-10,0.0
2014-03-13,2014-02-11,0.0
2014-04-10,2014-02-11,0.7999999999999998
2014-03-13,2014-02-12,0.0
2014-04-10,2014-02-12,0.3500000000000001
2014-03-13,2014-02-13,0.0
2014-04-10,2014-02-13,-0.5
2014-03-13,2014-02-14,0.0
2014-04-10,2014-02-14,0.9300000000000002
2014-03-13,2014-02-17,0.0
2014-04-10,2014-02-17,0.6499999999999999
2014-03-13,2014-02-18,0.0
2014-04-10,2014-02-18,-0.03000000000000025
2014-03-13,2014-02-19,0.0
2014-04-10,2014-02-19,-1.8500000000000005
2014-03-13,2014-02-20,0.0
2014-04-10,2014-02-20,-1.2999999999999994
2014-03-13,2014-02-21,0.0
2014-04-10,2014-02-21,4.37
2014-03-13,2014-02-24,0.0
2014-04-10,2014-02-24,-0.12000000000000055
2014-03-13,2014-02-25,0.0
2014-04-10,2014-02-25,4.61
2014-03-13,2014-02-26,0.0
2014-04-10,2014-02-26,1.5000000000000007
2014-03-13,2014-02-27,0.0
2014-04-10,2014-02-27,1.0299999999999998
2014-03-13,2014-02-28,0.0
2014-04-10,2014-02-28,-0.08000000000000007
2014-03-13,2014-03-03,0.0
2014-04-10,2014-03-03,-3.740000000000001
2014-03-13,2014-03-04,0.0
2014-03-13,2014-03-05,0.0
2014-03-13,2014-03-06,0.0
2014-03-13,2014-03-07,0.0
2014-05-08,2014-03-07,0.0
2014-03-13,2014-03-10,0.0
2014-05-08,2014-03-10,-1.3499999999999996
2014-03-13,2014-03-11,0.0
2014-03-13,2014-03-12,0.0
2014-03-13,2014-03-13,0.0
2014-05-08,2014-03-28,0.0
2014-05-08,2014-03-31,0.3500000000000001
2014-05-08,2014-04-01,0.5100000000000002
2014-05-08,2014-04-02,0.29000000000000004
2014-05-08,2014-04-03,0.1499999999999999
2014-05-08,2014-04-04,0.4099999999999999
2014-05-08,2014-04-07,-0.20999999999999996
2014-06-12,2014-04-07,0.0
2014-05-08,2014-04-08,0.55
2014-06-12,2014-04-08,-0.09999999999999964
2014-05-08,2014-04-09,0.11999999999999988
2014-06-12,2014-04-09,0.9499999999999997
2014-05-08,2014-04-10,0.08000000000000007
2014-06-12,2014-04-10,0.44999999999999973
2014-05-08,2014-04-11,-0.29000000000000004
2014-06-12,2014-04-11,-0.6999999999999997
2014-05-08,2014-04-14,0.41999999999999993
2014-06-12,2014-04-14,1.0
2014-05-08,2014-04-15,-0.1299999999999999
2014-06-12,2014-04-15,-1.1999999999999997
2014-07-10,2014-05-16,0.0
2014-07-10,2014-05-19,0.0
2014-07-10,2014-05-20,-0.09999999999999964
2014-07-10,2014-05-21,0.5
2014-07-10,2014-05-22,1.2000000000000002
2014-07-10,2014-05-23,-0.09999999999999964
2014-07-10,2014-05-26,0.0
2014-07-10,2014-05-27,-4.279999999999999
2014-07-10,2014-05-28,5.929999999999999
2014-07-10,2014-05-29,-0.39999999999999947
2014-07-10,2014-05-30,-4.479999999999999
2014-08-14,2014-06-27,0.0
2014-08-14,2014-06-30,0.16000000000000014
2014-08-14,2014-07-01,0.5499999999999994
2014-08-14,2014-07-02,1.6200000000000003
2014-08-14,2014-07-03,0.050000000000000044
2014-08-14,2014-07-04,-0.25
2014-08-14,2014-07-07,-1.4900000000000002
2014-09-11,2014-07-07,0.0
2014-08-14,2014-07-08,0.3799999999999999
2014-09-11,2014-07-08,0.0
2014-08-14,2014-07-09,-1.7699999999999996
2014-09-11,2014-07-09,-0.5
2014-09-11,2014-07-18,0.0
2014-09-11,2014-07-21,0.0
2014-09-11,2014-07-22,1.4800000000000004
2014-09-11,2014-07-23,-0.16000000000000014
2014-09-11,2014-07-24,0.16000000000000014
2014-09-11,2014-07-25,0.4399999999999995
2014-09-11,2014-07-28,1.42
2014-09-11,2014-07-29,2.6500000000000004
2014-09-11,2014-07-30,1.2000000000000002
2014-09-11,2014-07-31,0.08000000000000007
2014-09-11,2014-08-01,-0.9199999999999999
2014-10-08,2014-08-01,0.0
2014-09-11,2014-08-04,-0.20999999999999996
2014-10-08,2014-08-04,-0.20000000000000018
2014-09-11,2014-08-05,-0.8900000000000003
2014-10-08,2014-08-05,-0.5
2014-10-08,2014-08-22,0.0
2014-10-08,2014-08-25,0.3099999999999996
2014-10-08,2014-08-26,1.0600000000000005
2014-10-08,2014-08-27,0.41999999999999993
2014-10-08,2014-08-28,0.20000000000000018
2014-10-08,2014-08-29,-0.6400000000000006
2014-10-08,2014-09-01,0.0600000000000005
2014-11-13,2014-09-01,0.0
2014-10-08,2014-09-02,-1.7199999999999998
2014-11-13,2014-09-02,0.0
2014-11-13,2014-09-03,0.0
2014-11-13,2014-09-04,0.0
2014-11-13,2014-09-05,0.0
2014-11-13,2014-09-11,0.0
2014-11-13,2014-09-12,0.0
2014-11-13,2014-09-15,0.0
2014-11-13,2014-09-16,0.0
2014-11-13,2014-09-17,0.0
2014-11-13,2014-09-18,0.0
2014-11-13,2014-09-19,0.0
2014-11-13,2014-09-22,0.0
2014-11-13,2014-09-23,0.0
2014-11-13,2014-09-24,0.0
2014-11-13,2014-09-25,0.0
2014-11-13,2014-09-26,0.0
2014-11-13,2014-09-29,0.0
2014-11-13,2014-09-30,0.0
2014-11-13,2014-10-01,0.0
2014-11-13,2014-10-02,0.0
2014-11-13,2014-10-06,0.0
2014-11-13,2014-10-07,0.0
2014-11-13,2014-10-08,0.0
2014-11-13,2014-10-10,0.0
2014-11-13,2014-10-13,0.0
2014-11-13,2014-10-14,0.0
2014-11-13,2014-10-15,0.0
2014-11-13,2014-10-16,0.0
2014-11-13,2014-10-17,0.0
2014-11-13,2014-10-20,0.0
2014-11-13,2014-10-21,0.0
2014-11-13,2014-10-22,0.0
2014-11-13,2014-10-23,0.0
2014-11-13,2014-10-24,0.0
2014-12-11,2014-10-24,0.0
2014-11-13,2014-10-27,0.0
2014-12-11,2014-10-27,0.6200000000000001
2014-11-13,2014-10-28,0.0
2014-12-11,2014-10-28,0.07000000000000028
2014-11-13,2014-10-29,0.0
2014-12-11,2014-10-29,2.9
2014-11-13,2014-10-30,0.0
2014-12-11,2014-10-30,-0.040000000000000036
2014-11-13,2014-10-31,0.0
2014-12-11,2014-10-31,0.32999999999999985
2014-11-13,2014-11-03,0.0
2014-12-11,2014-11-03,-0.48999999999999977
2015-01-08,2014-11-03,0.0
2014-11-13,2014-11-04,0.0
2014-12-11,2014-11-04,-2.09
2015-01-08,2014-11-04,-0.75
2014-11-13,2014-11-05,0.0
2014-12-11,2014-11-05,0.11999999999999966
2015-01-08,2014-11-05,-0.20000000000000018
2014-11-13,2014-11-06,0.0
2014-12-11,2014-11-06,1.5999999999999999
2015-01-08,2014-11-06,0.75
2014-11-13,2014-11-07,0.0
2014-12-11,2014-11-07,0.5000000000000002
2015-01-08,2014-11-07,0.04999999999999982
2014-11-13,2014-11-10,0.0
2014-12-11,2014-11-10,2.49
2015-01-08,2014-11-10,2.4000000000000004
2014-11-13,2014-11-11,0.0
2014-12-11,2014-11-11,0.1399999999999999
2015-01-08,2014-11-11,0.25
2014-11-13,2014-11-12,0.0
2014-12-11,2014-11-12,0.5400000000000001
2015-01-08,2014-11-12,0.39999999999999947
2014-11-13,2014-11-13,0.0
2014-12-11,2014-11-13,-0.5000000000000004
2015-01-08,2014-11-13,-0.9999999999999991
2014-12-11,2014-11-14,-0.8499999999999999
2015-01-08,2014-11-14,-1.8999999999999995
2015-01-08,2014-11-21,0.0
2015-01-08,2014-11-24,1.2199999999999998
2015-01-08,2014-11-25,0.08000000000000007
2015-01-08,2014-11-26,-0.2599999999999998
2015-01-08,2014-11-27,1.3399999999999999
2015-01-08,2014-11-28,0.25
2015-01-08,2014-12-01,-3.38
2015-01-08,2014-12-02,0.5099999999999998
2015-01-08,2014-12-03,0.8900000000000001
2015-01-08,2014-12-04,3.5
2015-01-08,2014-12-05,-0.42000000000000015
2015-01-08,2014-12-08,-0.41999999999999993
2015-02-12,2014-12-08,0.0
2015-01-08,2014-12-09,-0.2300000000000002
2015-02-12,2014-12-09,-0.20000000000000018
2015-01-08,2014-12-10,-8.030000000000001
2015-02-12,2014-12-10,-2.1999999999999993
2015-02-12,2014-12-22,0.0
2015-02-12,2014-12-23,-0.15000000000000036
2015-02-12,2014-12-24,0.7000000000000002
2015-02-12,2014-12-26,0.25
2015-02-12,2014-12-29,-1.0999999999999996
2015-02-12,2014-12-30,-4.09
2015-03-12,2015-01-16,0.0
2015-03-12,2015-01-19,1.2200000000000002
2015-03-12,2015-01-20,1.0899999999999999
2015-03-12,2015-01-21,0.5599999999999996
2015-03-12,2015-01-22,0.41000000000000036
2015-03-12,2015-01-23,0.9199999999999999
2015-03-12,2015-01-26,-0.08999999999999986
2015-03-12,2015-01-27,2.1599999999999993
2015-03-12,2015-01-28,-0.03999999999999959
2015-03-12,2015-01-29,-1.0500000000000003
2015-03-12,2015-01-30,-0.18999999999999972
2015-03-12,2015-02-02,0.2499999999999989
2015-04-09,2015-02-02,0.0
2015-03-12,2015-02-03,0.15000000000000013
2015-04-09,2015-02-03,0.0
2015-03-12,2015-02-04,2.840000000000001
2015-04-09,2015-02-04,0.8500000000000001
2015-03-12,2015-02-05,-3.14
2015-04-09,2015-02-05,-0.8999999999999999
2015-04-09,2015-02-23,0.0
2015-04-09,2015-02-24,0.18000000000000016
2015-04-09,2015-02-25,0.52
2015-04-09,2015-02-26,0.040000000000000036
2015-04-09,2015-02-27,-0.16000000000000014
2015-04-09,2015-03-02,1.2000000000000002
2015-04-09,2015-03-03,0.8999999999999999
2015-04-09,2015-03-04,-0.10000000000000009
2015-04-09,2015-03-05,0.1200000000000001
2015-04-09,2015-03-06,0.8399999999999999
2015-04-09,2015-03-09,-1.56
2015-05-14,2015-03-09,0.0
2015-04-09,2015-03-10,-0.8400000000000003
2015-05-14,2015-03-10,-0.4500000000000002
2015-04-09,2015-03-11,-0.35999999999999943
2015-05-14,2015-03-11,0.050000000000000266
2015-05-14,2015-03-20,0.0
2015-05-14,2015-03-23,0.04999999999999982
2015-05-14,2015-03-24,0.20000000000000018
2015-05-14,2015-03-25,0.10000000000000053
2015-05-14,2015-03-26,-2.4000000000000004
2015-05-14,2015-03-27,0.3000000000000007
2015-05-14,2015-03-30,0.7599999999999998
2015-05-14,2015-03-31,0.23999999999999932
2015-05-14,2015-04-01,-3.6799999999999997
2015-06-11,2015-04-10,0.0
2015-06-11,2015-04-13,0.4500000000000002
2015-06-11,2015-04-14,0.9299999999999997
2015-06-11,2015-04-15,0.6400000000000001
2015-06-11,2015-04-16,1.29
2015-06-11,2015-04-17,-0.040000000000000036
2015-06-11,2015-04-20,0.3700000000000001
2015-06-11,2015-04-21,0.96
2015-06-11,2015-04-22,1.1599999999999997
2015-06-11,2015-04-23,2.65
2015-06-11,2015-04-24,-1.0499999999999998
2015-06-11,2015-04-27,0.17000000000000037
2015-06-11,2015-04-28,-0.7900000000000003
2015-07-09,2015-05-22,0.0
2015-07-09,2015-05-26,-0.2999999999999998
2015-07-09,2015-05-27,-3.2
2015-08-13,2015-06-19,0.0
2015-08-13,2015-06-22,0.6000000000000001
2015-08-13,2015-06-23,2.6000000000000005
2015-08-13,2015-06-24,0.09999999999999964
2015-08-13,2015-06-25,-0.08000000000000007
2015-08-13,2015-06-26,0.28000000000000025
2015-08-13,2015-06-29,-4.1000000000000005
2015-08-13,2015-06-30,0.7000000000000002
2015-08-13,2015-07-01,5.41
2015-08-13,2015-07-02,0.8099999999999996
2015-08-13,2015-07-03,-1.2499999999999996
2015-08-13,2015-07-06,-14.770000000000001
2015-09-10,2015-07-17,0.0
2015-09-10,2015-07-20,-0.03000000000000025
2015-09-10,2015-07-21,0.40000000000000036
2015-09-10,2015-07-22,-1.8600000000000003
2015-09-10,2015-07-23,0.20000000000000107
2015-09-10,2015-07-24,-2.6800000000000015
2015-09-10,2015-07-27,0.8400000000000007
2015-10-08,2015-08-28,0.0
2015-10-08,2015-08-31,-0.21999999999999975
2015-10-08,2015-09-01,-1.3900000000000006
2015-10-08,2015-09-02,0.11000000000000032
2015-10-08,2015-09-03,0.6900000000000004
2015-10-08,2015-09-04,-1.1900000000000004
2015-10-08,2015-09-07,-0.5499999999999998
2015-11-12,2015-09-07,0.0
2015-10-08,2015-09-08,1.1499999999999995
2015-11-12,2015-09-08,0.04999999999999982
2015-10-08,2015-09-09,3.3400000000000003
2015-11-12,2015-09-09,3.28
2015-10-08,2015-09-10,-0.7799999999999998
2015-11-12,2015-09-10,-0.45999999999999996
2015-10-08,2015-09-11,0.04999999999999982
2015-11-12,2015-09-11,-0.18999999999999995
2015-10-08,2015-09-14,-0.7299999999999995
2015-11-12,2015-09-14,-1.6199999999999992
2015-10-08,2015-09-15,0.2599999999999998
2015-11-12,2015-09-15,1.5499999999999998
2015-10-08,2015-09-16,1.8599999999999999
2015-11-12,2015-09-16,4.59
2015-10-08,2015-09-17,0.31999999999999984
2015-11-12,2015-09-17,1.6699999999999995
2015-10-08,2015-09-18,0.8
2015-11-12,2015-09-18,2.5000000000000004
2015-11-12,2015-09-21,-5.59
2015-11-12,2015-09-22,3.8899999999999997
2015-11-12,2015-09-23,-6.369999999999999
2015-11-12,2015-10-02,0.0
2015-11-12,2015-10-05,0.7799999999999998
2015-12-10,2015-10-05,0.0
2015-11-12,2015-10-06,0.8399999999999999
2015-12-10,2015-10-06,1.04
2015-11-12,2015-10-07,1.2100000000000002
2015-12-10,2015-10-07,1.2499999999999996
2015-11-12,2015-10-08,0.31000000000000005
2015-12-10,2015-10-08,0.5100000000000002
2015-11-12,2015-10-12,0.29000000000000004
2015-12-10,2015-10-12,0.34999999999999964
2015-11-12,2015-10-13,0.010000000000000009
2015-12-10,2015-10-13,0.14000000000000057
2015-11-12,2015-10-14,-0.07000000000000006
2015-12-10,2015-10-14,-0.6199999999999997
2015-11-12,2015-10-15,0.47
2015-12-10,2015-10-15,1.7599999999999993
2015-12-10,2015-10-16,-0.25999999999999934
2015-12-10,2015-10-19,0.7699999999999987
2015-12-10,2015-10-20,1.9900000000000007
2015-12-10,2015-10-21,2.5
2015-12-10,2015-10-22,-1.4199999999999993
2015-12-10,2015-10-23,2.6500000000000004
2015-12-10,2015-10-26,1.4999999999999991
2015-12-10,2015-10-27,-0.09999999999999964
2015-12-10,2015-10-28,0.35000000000000053
2015-12-10,2015-10-30,0.0
2015-12-10,2015-11-02,0.1200000000000001
2015-12-10,2015-11-03,1.1199999999999999
2015-12-10,2015-11-04,-0.07999999999999985
2015-12-10,2015-11-05,-0.08999999999999986
2015-12-10,2015-11-06,-0.5
2015-12-10,2015-11-09,-0.040000000000000036
2016-01-14,2015-11-23,0.0
2016-01-14,2015-11-24,0.5800000000000001
2016-01-14,2015-11-25,-0.16999999999999993
2016-01-14,2015-11-26,1.0699999999999998
2016-01-14,2015-11-27,-0.1499999999999999
2016-01-14,2015-11-30,-4.84
2016-01-14,2015-12-01,5.549999999999999
2016-01-14,2015-12-02,-1.8699999999999997
2016-01-14,2015-12-03,-3.79
2016-02-11,2015-12-18,0.0
2016-02-11,2015-12-21,0.17999999999999972
2016-02-11,2015-12-22,0.7400000000000002
2016-02-11,2015-12-23,2.46
2016-02-11,2015-12-24,-1.3200000000000003
2016-02-11,2015-12-28,-2.3600000000000003
2016-02-11,2015-12-29,3.0700000000000003
2016-03-10,2016-01-25,0.0
2016-03-10,2016-01-26,-1.5599999999999996
2016-03-10,2016-01-27,1.6899999999999995
2016-03-10,2016-01-28,0.10000000000000053
2016-03-10,2016-01-29,0.71
2016-03-10,2016-02-01,1.5400000000000005
2016-03-10,2016-02-02,-0.9000000000000004
2016-03-10,2016-02-03,-2.309999999999999
2016-03-10,2016-02-04,4.029999999999999
2016-03-10,2016-02-05,-0.36999999999999966
2016-03-10,2016-02-11,-6.34
2016-04-14,2016-02-19,0.0
2016-04-14,2016-02-22,0.3199999999999994
2016-04-14,2016-02-23,0.46000000000000085
2016-04-14,2016-02-24,-0.33999999999999986
2016-04-14,2016-02-25,0.35999999999999943
2016-04-14,2016-02-26,0.5200000000000005
2016-04-14,2016-02-29,0.5099999999999998
2016-04-14,2016-03-02,5.959999999999999
2016-04-14,2016-03-03,1.6400000000000006
2016-04-14,2016-03-04,0.5600000000000005
2016-04-14,2016-03-07,1.2200000000000002
2016-05-12,2016-03-07,0.0
2016-04-14,2016-03-08,-1.9200000000000004
2016-05-12,2016-03-08,-0.7999999999999998
2016-04-14,2016-03-09,1.29
2016-05-12,2016-03-09,0.13999999999999968
2016-04-14,2016-03-10,3.3
2016-05-12,2016-03-10,1.06
2016-04-14,2016-03-11,0.2300000000000002
2016-05-12,2016-03-11,0.75
2016-04-14,2016-03-14,0.06999999999999962
2016-05-12,2016-03-14,-0.14000000000000012
2016-04-14,2016-03-15,0.040000000000000036
2016-05-12,2016-03-15,-0.05999999999999961
2016-04-14,2016-03-16,0.2100000000000002
2016-05-12,2016-03-16,0.41999999999999993
2016-04-14,2016-03-17,1.1500000000000001
2016-05-12,2016-03-17,1.8199999999999998
2016-04-14,2016-03-18,0.1499999999999999
2016-05-12,2016-03-18,0.5200000000000005
2016-04-14,2016-03-21,-0.050000000000000044
2016-05-12,2016-03-21,-0.08999999999999986
2016-04-14,2016-03-22,0.4700000000000001
2016-05-12,2016-03-22,2.9
2016-04-14,2016-03-23,-0.04999999999999993
2016-05-12,2016-03-23,-0.05000000000000093
2016-04-14,2016-03-24,0.010000000000000009
2016-05-12,2016-03-24,-0.4099999999999988
2016-06-09,2016-04-15,0.0
2016-06-09,2016-04-18,-0.4099999999999997
2016-06-09,2016-04-19,0.6499999999999999
2016-06-09,2016-04-20,-0.5000000000000004
2016-06-09,2016-04-21,1.7200000000000002
2016-06-09,2016-04-22,-0.7199999999999998
2016-06-09,2016-04-25,-0.23999999999999977
2016-06-09,2016-04-26,1.729999999999999
2016-06-09,2016-04-27,-0.27999999999999936
2016-06-09,2016-04-28,-3.040000000000001
2016-06-09,2016-04-29,-1.729999999999999
2016-07-14,2016-05-27,0.0
2016-07-14,2016-05-30,-0.020000000000000018
2016-07-14,2016-05-31,1.1600000000000001
2016-07-14,2016-06-01,0.35999999999999943
2016-07-14,2016-06-02,0.38000000000000034
2016-07-14,2016-06-03,0.14000000000000012
2016-07-14,2016-06-07,2.5700000000000003
2016-07-14,2016-06-08,1.2599999999999998
2016-07-14,2016-06-09,0.19999999999999996
2016-07-14,2016-06-10,-0.21999999999999997
2016-08-11,2016-06-10,0.0
2016-07-14,2016-06-13,-4.99
2016-08-11,2016-06-13,-2.56
2016-08-11,2016-06-24,0.0
2016-08-11,2016-06-27,0.8100000000000005
2016-08-11,2016-06-28,1.4399999999999995
2016-08-11,2016-06-29,2.82
2016-08-11,2016-06-30,0.8799999999999999
2016-08-11,2016-07-01,1.3
2016-08-11,2016-07-04,1.0
2016-09-08,2016-07-04,0.0
2016-08-11,2016-07-05,-0.2999999999999998
2016-09-08,2016-07-05,-0.33564542248052875
2016-08-11,2016-07-06,-2.6300000000000003
2016-09-08,2016-07-06,-2.4143545775194717
2016-08-11,2016-07-07,1.5700000000000003
2016-09-08,2016-07-07,1.6100000000000003
2016-08-11,2016-07-08,-0.6500000000000004
2016-09-08,2016-07-08,-0.9299999999999997
2016-08-11,2016-07-11,1.6300000000000003
2016-09-08,2016-07-11,3.2800000000000002
2016-08-11,2016-07-12,0.16000000000000014
2016-09-08,2016-07-12,0.3899999999999997
2016-08-11,2016-07-13,0.6000000000000001
2016-09-08,2016-07-13,1.1399999999999997
2016-08-11,2016-07-14,0.2899999999999998
2016-09-08,2016-07-14,0.7699999999999998
2016-08-11,2016-07-15,0.44999999999999996
2016-09-08,2016-07-15,1.3299999999999998
2016-08-11,2016-07-18,0.2100000000000002
2016-09-08,2016-07-18,0.9500000000000002
2016-08-11,2016-07-19,-0.06000000000000005
2016-09-08,2016-07-19,-0.3300000000000003
2016-08-11,2016-07-20,0.09999999999999987
2016-09-08,2016-07-20,0.020000000000000018
2016-08-11,2016-07-21,0.07000000000000006
2016-09-08,2016-07-21,0.8000000000000005
2016-08-11,2016-07-22,0.050000000000000044
2016-09-08,2016-07-22,-0.26000000000000045
2016-08-11,2016-07-25,0.08999999999999997
2016-09-08,2016-07-25,1.1099999999999997
2016-08-11,2016-07-26,0.46
2016-09-08,2016-07-26,5.07
2016-09-08,2016-07-27,0.050000000000000155
2016-09-08,2016-07-28,-1.1299999999999997
2016-09-08,2016-07-29,0.6999999999999993
2016-09-08,2016-08-01,4.61
2016-09-08,2016-08-02,-3.059999999999999
2016-09-08,2016-08-03,-8.030000000000001
2016-10-13,2016-08-08,0.0
2016-10-13,2016-08-09,0.9699999999999998
2016-10-13,2016-08-10,-0.1200000000000001
2016-10-13,2016-08-11,-0.11999999999999966
2016-10-13,2016-08-12,0.2599999999999998
2016-10-13,2016-08-16,0.23000000000000043
2016-10-13,2016-08-17,-0.23000000000000043
2016-10-13,2016-08-18,1.5500000000000003
2016-10-13,2016-08-19,0.3999999999999999
2016-10-13,2016-08-22,-1.5300000000000002
2016-10-13,2016-08-23,2.3500000000000005
2016-10-13,2016-08-24,-1.700000000000001
2016-10-13,2016-08-25,0.8500000000000001
2016-10-13,2016-08-26,-1.1899999999999995
2016-11-10,2016-09-05,0.0
2016-11-10,2016-09-06,0.56
2016-11-10,2016-09-07,-0.08000000000000007
2016-11-10,2016-09-08,-0.10000000000000009
2016-11-10,2016-09-09,-1.31
2016-11-10,2016-09-12,-8.25
2016-11-10,2016-09-30,0.0
2016-11-10,2016-10-04,0.6799999999999997
2016-11-10,2016-10-05,0.040000000000000036
2016-11-10,2016-10-06,0.4700000000000002
2016-11-10,2016-10-07,-0.16999999999999993
2016-12-08,2016-10-07,0.0
2016-11-10,2016-10-10,0.20999999999999996
2016-12-08,2016-10-10,0.17999999999999972
2016-11-10,2016-10-11,-1.3800000000000003
2016-12-08,2016-10-11,-3.380000000000001
2016-11-10,2016-10-12,0.020000000000000018
2016-12-08,2016-10-12,0.040000000000000924
2016-11-10,2016-10-13,-0.8899999999999997
2016-12-08,2016-10-13,-1.8000000000000007
2016-11-10,2016-10-14,1.0299999999999998
2016-12-08,2016-10-14,1.5999999999999996
2016-11-10,2016-10-17,0.25
2016-12-08,2016-10-17,0.6600000000000006
2017-01-12,2016-11-25,0.0
2017-01-12,2016-11-28,0.41999999999999993
2017-01-12,2016-11-29,0.040000000000000924
2017-01-12,2016-11-30,0.8999999999999995
2017-01-12,2016-12-01,0.09999999999999964
2017-01-12,2016-12-02,-1.6000000000000005
2017-01-12,2016-12-05,0.45000000000000107
2017-02-09,2016-12-05,0.0
2017-01-12,2016-12-06,4.41
2017-02-09,2016-12-06,1.3700000000000006
2017-01-12,2016-12-07,1.6800000000000002
2017-02-09,2016-12-07,0.3299999999999996
2017-01-12,2016-12-08,3.0299999999999994
2017-02-09,2016-12-08,1.12
2017-01-12,2016-12-09,0.4500000000000004
2017-02-09,2016-12-09,0.16000000000000014
2017-01-12,2016-12-12,-0.1200000000000001
2017-02-09,2016-12-12,-0.040000000000000036
2017-01-12,2016-12-13,0.8399999999999997
2017-02-09,2016-12-13,0.9299999999999993
2017-01-12,2016-12-14,0.26
2017-02-09,2016-12-14,0.5700000000000005
2017-02-09,2016-12-15,0.21999999999999909
2017-02-09,2016-12-16,0.5400000000000005
2017-02-09,2016-12-19,0.5
2017-02-09,2016-12-20,1.79
2017-02-09,2016-12-21,-0.120000000000001
2017-02-09,2016-12-22,-0.24
2017-02-09,2016-12-23,-0.7199999999999993
2017-03-09,2017-01-06,0.0
2017-03-09,2017-01-09,0.14000000000000012
2017-03-09,2017-01-10,-0.11000000000000121
2017-03-09,2017-01-11,2.8500000000000005
2017-03-09,2017-01-12,-0.05999999999999983
2017-03-09,2017-01-13,0.3399999999999994
2017-03-09,2017-01-16,-1.2399999999999998
2017-03-09,2017-01-17,1.0999999999999999
2017-03-09,2017-01-18,-0.1699999999999997
2017-03-09,2017-01-19,-0.0600000000000005
2017-03-09,2017-01-20,-0.6699999999999995
2017-03-09,2017-01-23,0.5099999999999993
2017-04-13,2017-02-06,0.0
2017-04-13,2017-02-07,0.05000000000000071
2017-04-13,2017-02-08,-0.33000000000000007
2017-04-13,2017-02-24,0.0
2017-04-13,2017-02-27,-0.33999999999999986
2017-04-13,2017-02-28,0.2400000000000002
2017-04-13,2017-03-02,2.0999999999999996
2017-04-13,2017-03-03,-2.04
2017-04-13,2017-03-06,0.7800000000000007
2017-05-11,2017-03-10,0.0
2017-05-11,2017-03-13,1.1600000000000001
2017-05-11,2017-03-14,1.2199999999999998
2017-05-11,2017-03-15,0.28000000000000025
2017-05-11,2017-03-16,1.0699999999999998
2017-05-11,2017-03-17,0.6000000000000003
2017-05-11,2017-03-20,-0.2000000000000004
2017-05-11,2017-03-21,2.369999999999999
2017-05-11,2017-03-22,-1.6799999999999997
2017-05-11,2017-03-23,1.2000000000000002
2017-05-11,2017-03-24,0.21999999999999997
2017-05-11,2017-03-27,-3.3199999999999994
2017-05-11,2017-03-28,3.0699999999999994
2017-05-11,2017-03-29,2.7400000000000007
2017-05-11,2017-03-30,0.6799999999999992
2017-05-11,2017-03-31,-0.18999999999999972
2017-06-08,2017-04-17,0.0
2017-06-08,2017-04-18,0.1499999999999999
2017-06-08,2017-04-19,-0.3999999999999999
2017-06-08,2017-04-20,0.8699999999999997
2017-06-08,2017-04-21,0.7800000000000002
2017-06-08,2017-04-24,1.1399999999999997
2017-06-08,2017-04-25,2.9700000000000006
2017-06-08,2017-04-26,0.9999999999999998
2017-06-08,2017-04-27,0.6
2017-06-08,2017-04-28,0.030000000000000138
2017-06-08,2017-05-02,1.41
2017-06-08,2017-05-04,1.0899999999999999
2017-06-08,2017-05-08,1.3900000000000001
2017-07-13,2017-05-08,0.0
2017-06-08,2017-05-10,-0.42000000000000004
2017-07-13,2017-05-10,-3.1295227793937386
2017-06-08,2017-05-11,0.63
2017-07-13,2017-05-11,1.5999999999999996
2017-06-08,2017-05-12,0.17000000000000004
2017-07-13,2017-05-12,0.35000000000000053
2017-07-13,2017-05-15,0.44999999999999973
2017-07-13,2017-05-16,0.9700000000000006
2017-07-13,2017-05-17,0.23999999999999932
2017-07-13,2017-05-26,0.0
2017-07-13,2017-05-29,-0.0600000000000005
2017-07-13,2017-05-30,-1.4799999999999986
2017-07-13,2017-05-31,0.5999999999999996
2017-07-13,2017-06-01,-0.2599999999999998
2017-07-13,2017-06-02,3.119999999999999
2017-07-13,2017-06-05,-0.08999999999999941
2017-08-10,2017-06-05,0.0
2017-07-13,2017-06-07,-2.2199999999999993
2017-08-10,2017-06-07,-0.5300000000000002
2017-07-13,2017-06-08,3.2699999999999982
2017-08-10,2017-06-08,0.8499999999999996
2017-07-13,2017-06-09,3.0300000000000007
2017-08-10,2017-06-09,1.08
2017-07-13,2017-06-12,-3.81
2017-08-10,2017-06-12,-2.8
2017-07-13,2017-06-13,2.6100000000000003
2017-08-10,2017-06-13,2.7299999999999995
2017-07-13,2017-06-14,0.44999999999999973
2017-08-10,2017-06-14,-0.16999999999999993
2017-07-13,2017-06-15,-1.7400000000000002
2017-08-10,2017-06-15,-1.2200000000000002
2017-08-10,2017-06-23,0.0
2017-08-10,2017-06-26,0.48
2017-08-10,2017-06-27,0.44999999999999973
2017-08-10,2017-06-28,-0.7500000000000004
2017-08-10,2017-06-29,1.8900000000000001
2017-08-10,2017-06-30,-0.7799999999999998
2017-08-10,2017-07-03,0.6500000000000004
2017-08-10,2017-07-04,-3.5500000000000007
2017-08-10,2017-07-05,2.5100000000000002
2017-08-10,2017-07-06,0.3900000000000001
2017-08-10,2017-07-07,-0.7299999999999995
2017-08-10,2017-07-10,1.5099999999999998
2017-09-14,2017-07-10,0.0
2017-08-10,2017-07-11,2.54
2017-09-14,2017-07-11,0.8500000000000005
2017-08-10,2017-07-12,0.4500000000000004
2017-09-14,2017-07-12,0.22999999999999998
2017-08-10,2017-07-13,3.12
2017-09-14,2017-07-13,1.0699999999999998
2017-08-10,2017-07-14,0.3899999999999998
2017-09-14,2017-07-14,0.32000000000000006
2017-08-10,2017-07-17,0.41999999999999993
2017-09-14,2017-07-17,0.5299999999999996
2017-08-10,2017-07-18,0.09000000000000008
2017-09-14,2017-07-18,0.43000000000000016
2017-09-14,2017-07-19,0.6300000000000006
2017-09-14,2017-07-20,1.0799999999999994
2017-09-14,2017-07-21,1.5800000000000005
2017-09-14,2017-07-24,0.48999999999999966
2017-09-14,2017-07-25,-2.3000000000000003
2017-09-14,2017-07-26,-1.0599999999999996
2017-10-12,2017-08-18,0.0
2017-10-12,2017-08-21,-0.24999999999999956
2017-10-12,2017-08-22,1.5399999999999991
2017-10-12,2017-08-23,0.14000000000000057
2017-10-12,2017-08-24,1.0
2017-10-12,2017-08-25,0.23999999999999932
2017-10-12,2017-08-28,-1.8399999999999999
2017-10-12,2017-08-29,-2.15
2017-11-09,2017-09-11,0.0
2017-11-09,2017-09-12,0.4500000000000002
2017-11-09,2017-09-13,-0.009999999999999787
2017-11-09,2017-09-14,1.04
2017-11-09,2017-09-15,0.7799999999999998
2017-11-09,2017-09-18,2.7199999999999998
2017-11-09,2017-09-19,-0.37999999999999967
2017-11-09,2017-09-20,-0.16000000000000014
2017-11-09,2017-09-21,0.14000000000000035
2017-11-09,2017-09-22,-2.4300000000000006
2017-11-09,2017-09-25,0.4900000000000002
2017-11-09,2017-09-26,-3.2700000000000005
2017-12-14,2017-10-13,0.0
2017-12-14,2017-10-16,0.2999999999999998
2017-12-14,2017-10-17,0.46000000000000085
2017-12-14,2017-10-18,-0.0600000000000005
2017-12-14,2017-10-19,-1.1799999999999997
2017-12-14,2017-10-20,1.9999999999999991
2017-12-14,2017-10-23,0.4800000000000004
2017-12-14,2017-10-24,0.140000000000001
2017-12-14,2017-10-25,-0.1800000000000006
2017-12-14,2017-10-26,-3.24
2017-12-14,2017-10-27,4.16
2017-12-14,2017-10-30,1.9499999999999993
2017-12-14,2017-10-31,6.750000000000001
2017-12-14,2017-11-01,4.71
2017-12-14,2017-11-02,-1.4999999999999993
2017-12-14,2017-11-03,1.2299999999999998
2017-12-14,2017-11-06,-3.56
2018-01-11,2017-11-06,0.0
2017-12-14,2017-11-07,-0.45000000000000084
2018-01-11,2017-11-07,-0.13000000000000078
2017-12-14,2017-11-08,3.43
2018-01-11,2017-11-08,0.4400000000000004
2018-01-11,2017-11-17,0.0
2018-01-11,2017-11-20,-0.35000000000000053
2018-01-11,2017-11-21,1.0200000000000014
2018-01-11,2017-11-22,1.3399999999999999
2018-01-11,2017-11-23,-0.14000000000000057
2018-01-11,2017-11-24,0.4800000000000004
2018-01-11,2017-11-27,-8.970000000000002
2018-02-08,2017-12-15,0.0
2018-02-08,2017-12-18,0.46999999999999975
2018-02-08,2017-12-19,-0.33999999999999986
2018-02-08,2017-12-20,-0.379999999999999
2018-02-08,2017-12-21,-5.940000000000001
2018-03-08,2018-01-05,0.0
2018-03-08,2018-01-08,0.7100000000000004
2018-03-08,2018-01-09,-0.3900000000000001
2018-03-08,2018-01-10,-1.3499999999999996
2018-03-08,2018-01-11,-1.5300000000000002
2018-03-08,2018-01-12,1.4900000000000002
2018-03-08,2018-01-15,0.8799999999999999
2018-03-08,2018-01-16,4.14
2018-03-08,2018-01-17,-1.6799999999999988
2018-03-08,2018-01-18,-0.7600000000000011
2018-03-08,2018-01-19,0.5600000000000005
2018-03-08,2018-01-22,-5.820000000000001
2018-03-08,2018-01-26,0.0
2018-03-08,2018-01-29,0.69
2018-03-08,2018-01-30,-1.63
2018-03-08,2018-01-31,0.1200000000000001
2018-03-08,2018-02-01,-0.11000000000000032
2018-03-08,2018-02-02,-3.09
2018-04-12,2018-02-23,0.0
2018-04-12,2018-02-26,0.16999999999999993
2018-04-12,2018-02-27,0.6200000000000001
2018-04-12,2018-02-28,-3.3600000000000003
2018-04-12,2018-03-02,-6.14
2018-04-12,2018-03-05,-6.809999999999999
2018-05-10,2018-03-09,0.0
2018-05-10,2018-03-12,1.2800000000000002
2018-05-10,2018-03-13,0.7299999999999995
2018-05-10,2018-03-14,-0.13999999999999968
2018-05-10,2018-03-15,0.5499999999999998
2018-05-10,2018-03-16,-0.5199999999999996
2018-05-10,2018-03-19,-2.1799999999999997
2018-05-10,2018-03-20,1.9999999999999991
2018-05-10,2018-03-21,0.5700000000000003
2018-05-10,2018-03-22,2.019999999999999
2018-05-10,2018-03-23,-23.46
2018-06-14,2018-04-16,0.0
2018-06-14,2018-04-17,0.05999999999999961
2018-06-14,2018-04-18,1.3800000000000003
2018-06-14,2018-04-19,0.5900000000000003
2018-06-14,2018-04-20,-0.7400000000000002
2018-06-14,2018-04-23,0.06000000000000005
2018-06-14,2018-04-24,-2.520000000000002
2018-06-14,2018-04-25,-3.209999999999999
2018-06-14,2018-04-26,5.279999999999999
2018-06-14,2018-04-27,3.11
2018-06-14,2018-04-30,3.36
2018-06-14,2018-05-02,-2.899999999999999
2018-06-14,2018-05-03,-2.31
2018-06-14,2018-05-04,-2.8300000000000014
2018-06-14,2018-05-08,-3.269999999999999
2018-07-12,2018-05-28,0.0
2018-07-12,2018-05-29,-1.3600000000000003
2018-07-12,2018-05-30,-4.8
2018-08-09,2018-06-08,0.0
2018-08-09,2018-06-11,0.07708301218912084
2018-08-09,2018-06-12,0.7650810990914216
2018-08-09,2018-06-14,-4.945289670197915
2018-08-09,2018-06-15,-2.7500334567911064
2018-09-13,2018-07-13,0.0
2018-09-13,2018-07-16,-0.14999999999999947
2018-09-13,2018-07-17,-0.41999999999999993
2018-09-13,2018-07-18,-0.40000000000000036
2018-09-13,2018-07-19,-0.5
2018-09-13,2018-07-20,1.0199999999999996
2018-09-13,2018-07-23,-2.6999999999999984
2018-09-13,2018-07-24,1.959999999999999
2018-10-11,2018-08-24,0.0
2018-10-11,2018-08-27,0.5499999999999998
2018-10-11,2018-08-28,0.47000000000000064
2018-10-11,2018-08-29,0.6399999999999997
2018-10-11,2018-08-30,0.20999999999999996
2018-10-11,2018-08-31,0.72
2018-10-11,2018-09-03,-1.5600000000000007
2018-11-08,2018-09-03,0.0
2018-10-11,2018-09-04,1.820000000000001
2018-11-08,2018-09-04,0.5950146097331155
2018-10-11,2018-09-05,-5.42
2018-11-08,2018-09-05,-0.29000000000000004
2018-10-11,2018-09-06,-0.5500000000000003
2018-11-08,2018-09-06,-1.418086902916082
2018-10-11,2018-09-07,-2.1499999999999995
2018-11-08,2018-09-07,-1.4419130970839182
2018-11-08,2018-09-21,0.0
2018-11-08,2018-09-27,0.8500000000000001
2018-11-08,2018-09-28,-0.41999999999999993
2018-11-08,2018-10-01,-0.14000000000000057
2018-11-08,2018-10-02,-3.0
2018-11-08,2018-10-04,-5.9
2018-12-13,2018-11-02,0.0
2018-12-13,2018-11-05,-1.4600000000000009
2019-01-10,2018-11-05,0.0
2018-12-13,2018-11-06,0.8400000000000007
2019-01-10,2018-11-06,0.8799999999999999
2018-12-13,2018-11-07,-0.20999999999999996
2019-01-10,2018-11-07,-0.6799999999999997
2018-12-13,2018-11-08,1.7799999999999998
2019-01-10,2018-11-08,2.17
2018-12-13,2018-11-09,-0.3999999999999999
2019-01-10,2018-11-09,-0.6299999999999999
2018-12-13,2018-11-12,0.1899999999999995
2019-01-10,2018-11-12,0.33999999999999986
2018-12-13,2018-11-13,-1.5
2019-01-10,2018-11-13,-3.530000000000001
2018-12-13,2018-11-14,-0.0699999999999994
2019-01-10,2018-11-14,-1.4999999999999991
2018-12-13,2018-11-15,1.3099999999999996
2019-01-10,2018-11-15,4.289999999999999
2018-12-13,2018-11-16,-0.05999999999999961
2019-01-10,2018-11-16,-0.06999999999999851
2018-12-13,2018-11-19,0.6299999999999994
2019-01-10,2018-11-19,1.8099999999999987
2018-12-13,2018-11-20,-1.31
2019-01-10,2018-11-20,-6.24
2018-12-13,2018-11-21,-0.5
2019-01-10,2018-11-21,-3.460000000000001
2019-01-10,2018-11-30,0.0
2019-02-14,2018-11-30,0.0
2019-01-10,2018-12-03,2.11
2019-02-14,2018-12-03,0.0
2019-01-10,2018-12-04,-1.0100000000000002
2019-02-14,2018-12-04,0.0
2019-01-10,2018-12-05,-0.5800000000000001
2019-02-14,2018-12-05,0.0
2019-01-10,2018-12-06,-2.38
2019-02-14,2018-12-06,0.0
2019-01-10,2018-12-07,0.71
2019-02-14,2018-12-07,0.0
2019-01-10,2018-12-10,-1.8399999999999999
2019-02-14,2018-12-10,0.0
2019-02-14,2018-12-11,0.0
2019-02-14,2018-12-12,0.0
2019-02-14,2018-12-13,0.0
2019-02-14,2018-12-14,0.0
2019-02-14,2018-12-17,0.0
2019-02-14,2018-12-18,0.0
2019-02-14,2018-12-19,0.0
2019-02-14,2018-12-20,0.0
2019-02-14,2018-12-21,0.0
2019-02-14,2018-12-24,0.0
2019-02-14,2018-12-26,0.0
2019-02-14,2018-12-27,0.0
2019-02-14,2018-12-28,0.0
2019-02-14,2019-01-02,0.0
2019-02-14,2019-01-03,0.0
2019-02-14,2019-01-04,0.0
2019-02-14,2019-01-07,0.0
2019-02-14,2019-01-08,0.0
2019-02-14,2019-01-09,0.0
2019-02-14,2019-01-10,0.0
2019-02-14,2019-01-11,0.0
2019-03-14,2019-01-11,0.0
2019-02-14,2019-01-14,0.0
2019-03-14,2019-01-14,-0.9099999999999993
2019-02-14,2019-01-15,0.0
2019-03-14,2019-01-15,3.59
2019-02-14,2019-01-16,0.0
2019-03-14,2019-01-16,0.75
2019-02-14,2019-01-17,0.0
2019-03-14,2019-01-17,0.21999999999999975
2019-02-14,2019-01-18,0.0
2019-03-14,2019-01-18,1.3800000000000003
2019-02-14,2019-01-21,0.0
2019-03-14,2019-01-21,0.21999999999999997
2019-02-14,2019-01-22,0.0
2019-03-14,2019-01-22,-1.7999999999999992
2019-02-14,2019-01-23,0.0
2019-03-14,2019-01-23,1.9399999999999988
2019-02-14,2019-01-24,0.0
2019-03-14,2019-01-24,3.2700000000000005
2019-02-14,2019-01-25,0.0
2019-03-14,2019-01-25,3.48
2019-02-14,2019-01-28,0.0
2019-03-14,2019-01-28,-0.1299999999999999
2019-02-14,2019-01-29,0.0
2019-03-14,2019-01-29,1.46
2019-02-14,2019-01-30,0.0
2019-03-14,2019-01-30,1.98
2019-02-14,2019-01-31,0.0
2019-03-14,2019-01-31,1.0300000000000005
2019-02-14,2019-02-01,0.0
2019-03-14,2019-02-01,0.33999999999999964
2019-02-14,2019-02-07,0.0
2019-03-14,2019-02-07,1.6000000000000005
2019-02-14,2019-02-08,0.0
2019-03-14,2019-02-08,-4.970000000000001
2019-02-14,2019-02-11,0.0
2019-02-14,2019-02-12,0.0
2019-02-14,2019-02-13,0.0
2019-02-14,2019-02-14,0.0
2019-04-11,2019-02-15,0.0
2019-04-11,2019-02-18,0.8100000000000005
2019-04-11,2019-02-19,-1.2200000000000006
2019-04-11,2019-02-20,2.76
2019-04-11,2019-02-21,0.40000000000000036
2019-04-11,2019-02-22,0.2599999999999998
2019-04-11,2019-02-25,0.5799999999999996
2019-04-11,2019-02-26,-1.3200000000000003
2019-04-11,2019-02-27,1.5800000000000005
2019-04-11,2019-02-28,-7.84
2019-05-09,2019-03-15,0.0
2019-05-09,2019-03-18,0.3099999999999996
2019-05-09,2019-03-19,0.10000000000000142
2019-05-09,2019-03-20,0.09999999999999964
2019-05-09,2019-03-21,1.7799999999999994
2019-05-09,2019-03-22,0.54
2019-05-09,2019-03-25,-7.63
2019-05-09,2019-03-26,0.6300000000000008
2019-05-09,2019-03-27,0.009999999999999787
2019-06-13,2019-04-08,0.0
2019-06-13,2019-04-09,0.6099999999999999
2019-06-13,2019-04-10,0.18999999999999995
2019-06-13,2019-04-11,0.040000000000000036
2019-06-13,2019-04-12,0.15000000000000036
2019-06-13,2019-04-15,0.8199999999999998
2019-06-13,2019-04-16,1.27
2019-06-13,2019-04-17,0.08999999999999986
2019-06-13,2019-04-18,-5.01
2019-06-13,2019-04-19,0.5799999999999996
2019-06-13,2019-04-22,-0.020000000000000462
2019-07-11,2019-05-31,0.0
2019-07-11,2019-06-03,1.5500000000000003
2019-08-08,2019-06-03,0.0
2019-07-11,2019-06-04,-0.22999999999999998
2019-08-08,2019-06-04,0.6600000000000001
2019-07-11,2019-06-05,0.5499999999999998
2019-08-08,2019-06-05,0.5200000000000005
2019-07-11,2019-06-07,0.22999999999999998
2019-08-08,2019-06-07,0.019999999999999574
2019-07-11,2019-06-10,1.1600000000000001
2019-08-08,2019-06-10,3.8
2019-07-11,2019-06-11,0.2499999999999999
2019-08-08,2019-06-11,1.8999999999999995
2019-07-11,2019-06-12,-0.15000000000000002
2019-08-08,2019-06-12,-0.71
2019-07-11,2019-06-13,-0.34999999999999987
2019-08-08,2019-06-13,-1.6899999999999995
2019-07-11,2019-06-14,0.21999999999999997
2019-08-08,2019-06-14,-0.2699999999999996
2019-07-11,2019-06-17,0.1299999999999999
2019-08-08,2019-06-17,0.8399999999999999
2019-07-11,2019-06-18,0.27
2019-08-08,2019-06-18,2.45
2019-08-08,2019-06-19,5.6899999999999995
2019-08-08,2019-06-20,2.5400000000000005
2019-08-08,2019-06-21,-0.5699999999999994
2019-08-08,2019-06-24,1.0499999999999998
2019-08-08,2019-06-25,-0.4500000000000002
2019-08-08,2019-06-26,0.8400000000000003
2019-08-08,2019-06-27,5.909999999999999
2019-08-08,2019-06-28,-1.1099999999999997
2019-08-08,2019-07-01,1.3799999999999997
2019-08-08,2019-07-02,-0.7400000000000002
2019-09-11,2019-07-19,0.0
2019-09-11,2019-07-22,0.0
2019-09-11,2019-07-23,1.2999999999999998
2019-09-11,2019-07-24,-2.2399999999999993
2019-09-11,2019-07-25,-0.28000000000000114
2019-09-11,2019-07-26,-0.8199999999999985
2019-09-11,2019-07-29,-6.550000000000001
2019-10-10,2019-08-23,0.0
2019-10-10,2019-08-26,-1.8899999999999997
2019-10-10,2019-08-30,0.0
2019-10-10,2019-09-02,0.08000000000000007
2019-10-10,2019-09-03,-0.54
2019-10-10,2019-09-04,1.7199999999999998
2019-10-10,2019-09-05,1.04
2019-10-10,2019-09-06,0.3600000000000001
2019-10-10,2019-09-09,0.6000000000000001
2019-11-14,2019-09-09,0.0
2019-10-10,2019-09-10,0.35
2019-11-14,2019-09-10,0.75
2019-11-14,2019-09-11,0.7600000000000002
2019-11-14,2019-09-16,0.22999999999999998
2019-11-14,2019-09-17,0.12999999999999945
2019-11-14,2019-09-18,0.9800000000000009
2019-11-14,2019-09-19,1.3899999999999997
2019-11-14,2019-09-20,0.9799999999999995
2019-11-14,2019-09-23,-0.04999999999999938
2019-11-14,2019-09-24,1.9199999999999995
2019-11-14,2019-09-25,-5.470000000000001
2019-11-14,2019-09-26,1.3200000000000003
2019-12-12,2019-10-11,0.0
2019-12-12,2019-10-14,1.1599999999999997
2019-12-12,2019-10-15,0.6999999999999997
2019-12-12,2019-10-16,1.33
2019-12-12,2019-10-17,-0.3600000000000003
2019-12-12,2019-10-18,-1.8899999999999992
2019-12-12,2019-10-21,2.0399999999999996
2019-12-12,2019-10-22,5.02
2019-12-12,2019-10-23,-1.4100000000000004
2019-12-12,2019-10-24,1.15
2019-12-12,2019-10-25,-0.03999999999999959
2019-12-12,2019-10-28,1.7899999999999998
2019-12-12,2019-10-29,-0.15000000000000013
2019-12-12,2019-10-30,-4.459999999999999
2019-12-12,2019-10-31,2.1399999999999997
2019-12-12,2019-11-01,5.029999999999999
2019-12-12,2019-11-04,7.010000000000001
2020-01-09,2019-11-04,0.0
2019-12-12,2019-11-05,1.19
2020-01-09,2019-11-05,0.8500000000000005
2019-12-12,2019-11-06,0.050000000000000044
2020-01-09,2019-11-06,0.2599999999999998
2019-12-12,2019-11-07,0.020000000000000018
2020-01-09,2019-11-07,-0.2999999999999998
2019-12-12,2019-11-08,-0.4900000000000002
2020-01-09,2019-11-08,-0.3700000000000001
2019-12-12,2019-11-11,-2.2299999999999995
2020-01-09,2019-11-11,-1.58
2020-01-09,2019-11-15,0.0
2020-01-09,2019-11-18,-0.07000000000000028
2020-01-09,2019-11-19,-1.3999999999999986
2020-01-09,2019-11-20,-3.1000000000000014
2020-01-09,2019-11-21,-6.199999999999999
2020-02-13,2019-12-13,0.0
2020-02-13,2019-12-16,0.25
2020-02-13,2019-12-17,2.7399999999999993
2020-02-13,2019-12-18,0.0
2020-02-13,2019-12-19,0.17999999999999972
2020-02-13,2019-12-20,0.3800000000000008
2020-02-13,2019-12-23,-0.6800000000000006
2020-02-13,2019-12-24,-2.5699999999999994
2020-02-13,2019-12-26,1.8299999999999992
2020-02-13,2019-12-27,7.26
2020-02-13,2019-12-30,-2.0800000000000005
2020-02-13,2020-01-02,-8.98
2020-03-12,2020-01-10,0.0
2020-03-12,2020-01-13,1.3199999999999994
2020-03-12,2020-01-14,1.06
2020-03-12,2020-01-15,-1.4000000000000008
2020-03-12,2020-01-16,2.0300000000000002
2020-03-12,2020-01-17,0.5000000000000004
2020-03-12,2020-01-20,2.52
2020-03-12,2020-01-21,-5.530000000000001
2020-03-12,2020-01-22,5.99
2020-03-12,2020-01-23,-6.29
2020-03-12,2020-01-28,-19.58
2020-04-09,2020-02-07,0.0
2020-04-09,2020-02-10,0.193490711587879
2020-04-09,2020-02-11,1.620488503203517
2020-04-09,2020-02-12,1.5499999999999998
2020-04-09,2020-02-13,0.8900000000000001
2020-04-09,2020-02-14,0.7000000000000002
2020-04-09,2020-02-17,0.6200000000000001
2020-04-09,2020-02-18,-9.17
2020-04-09,2020-02-19,1.0100000000000007
2020-04-09,2020-02-20,-4.680000000000001
2020-04-09,2020-02-21,-7.49
2020-04-09,2020-02-24,-38.12
2020-05-14,2020-03-27,0.0
2020-05-14,2020-03-30,0.20000000000000107
2020-05-14,2020-03-31,5.1
2020-05-14,2020-04-01,-5.35
2020-05-14,2020-04-02,4.1
2020-05-14,2020-04-03,2.200000000000001
2020-05-14,2020-04-06,13.619999999999997
2020-06-11,2020-04-06,0.0
2020-05-14,2020-04-07,4.5
2020-06-11,2020-04-07,1.6727829982749736
2020-05-14,2020-04-08,-3.999999999999999
2020-06-11,2020-04-08,-1.4780186546589675
2020-05-14,2020-04-09,5.34
2020-06-11,2020-04-09,1.2052356563839943
2020-05-14,2020-04-10,0.5600000000000005
2020-06-11,2020-04-10,1.1600000000000001
2020-05-14,2020-04-13,-3.63
2020-06-11,2020-04-13,-2.92
2020-05-14,2020-04-14,4.85
2020-06-11,2020-04-14,5.419999999999999
2020-05-14,2020-04-16,1.3900000000000001
2020-06-11,2020-04-16,0.8299999999999992
2020-05-14,2020-04-17,3.98
2020-06-11,2020-04-17,8.08
2020-06-11,2020-04-20,-2.92
2020-06-11,2020-04-21,-7.63
2020-06-11,2020-04-22,2.089999999999999
2020-07-09,2020-05-04,0.0
2020-07-09,2020-05-06,0.8584817005217502
2020-07-09,2020-05-07,-1.4954496190929945
2020-07-09,2020-05-08,2.3591711929132373
2020-07-09,2020-05-11,2.7209612642650427
2020-07-09,2020-05-12,-3.0989998679971364
2020-07-09,2020-05-13,3.628212605743556
2020-07-09,2020-05-14,0.4750287829588391
2020-07-09,2020-05-15,1.0267785378103849
2020-07-09,2020-05-18,3.639588580594112
2020-07-09,2020-05-19,10.053881892541185
2020-07-09,2020-05-20,0.7899999999999996
2020-07-09,2020-05-21,3.619999999999999
2020-07-09,2020-05-22,-9.799999999999997
2020-07-09,2020-05-25,9.639999999999997
2020-07-09,2020-05-26,9.17
2020-07-09,2020-05-27,-0.2699999999999996
2020-07-09,2020-05-28,0.2899999999999996
2020-07-09,2020-05-29,-0.9199999999999995
2020-07-09,2020-06-01,9.760000000000002
2020-07-09,2020-06-02,2.7800000000000002
2020-07-09,2020-06-03,5.58
2020-07-09,2020-06-04,0.2100000000000004
2020-07-09,2020-06-05,0.9999999999999998
2020-07-09,2020-06-08,-0.24
2020-08-13,2020-06-08,0.0
2020-07-09,2020-06-09,0.26
2020-08-13,2020-06-09,-0.08742474106914244
2020-07-09,2020-06-10,0.10999999999999988
2020-08-13,2020-06-10,-0.16776645213959718
2020-07-09,2020-06-11,-0.56
2020-08-13,2020-06-11,0.08000000000000007
2020-08-13,2020-06-26,0.0
2020-08-13,2020-06-29,-2.1400000000000006
2020-08-13,2020-06-30,3.5500000000000007
2020-08-13,2020-07-01,0.8800000000000008
2020-08-13,2020-07-02,3.5199999999999996
2020-08-13,2020-07-03,3.1399999999999992
2020-08-13,2020-07-06,4.390000000000001
2020-09-10,2020-07-06,0.0
2020-08-13,2020-07-07,-2.2900000000000005
2020-09-10,2020-07-07,-1.2699999999999996
2020-08-13,2020-07-08,-0.5499999999999998
2020-09-10,2020-07-08,-0.030000000000001137
2020-08-13,2020-07-09,2.9800000000000004
2020-09-10,2020-07-09,0.3528639767039188
2020-08-13,2020-07-10,-3.700000000000001
2020-09-10,2020-07-10,-1.2028639767039184
2020-08-13,2020-07-13,5.380000000000001
2020-09-10,2020-07-13,5.48
2020-08-13,2020-07-14,-0.5699999999999998
2020-09-10,2020-07-14,-2.049999999999999
2020-08-13,2020-07-15,2.3999999999999995
2020-09-10,2020-07-15,4.969999999999998
2020-08-13,2020-07-16,-0.9799999999999995
2020-09-10,2020-07-16,-2.879999999999999
2020-08-13,2020-07-17,1.69
2020-09-10,2020-07-17,3.1657633202053272
2020-08-13,2020-07-20,0.18999999999999995
2020-09-10,2020-07-20,1.5342366797946712
2020-08-13,2020-07-21,1.81
2020-09-10,2020-07-21,8.170000000000002
2020-08-13,2020-07-22,0.07000000000000006
2020-09-10,2020-07-22,-1.3322676295501878e-15
2020-08-13,2020-07-23,-0.21999999999999997
2020-09-10,2020-07-23,-2.36
2020-08-13,2020-07-24,-0.4700000000000002
2020-09-10,2020-07-24,-3.6799999999999993
2020-08-13,2020-07-27,0.6700000000000002
2020-09-10,2020-07-27,5.85
2020-08-13,2020-07-28,0.5499999999999999
2020-09-10,2020-07-28,10.470000000000002
2020-09-10,2020-07-29,2.0299999999999976
2020-09-10,2020-07-30,1.8099999999999996
2020-09-10,2020-07-31,-3.7899999999999987
2020-09-10,2020-08-03,1.21
2020-10-08,2020-08-03,0.0
2020-09-10,2020-08-04,7.970000000000001
2020-10-08,2020-08-04,1.5699999999999994
2020-09-10,2020-08-05,6.46
2020-10-08,2020-08-05,1.33
2020-09-10,2020-08-06,3.9799999999999995
2020-10-08,2020-08-06,1.2000000000000002
2020-09-10,2020-08-07,0.27000000000000024
2020-10-08,2020-08-07,0.21999999999999975
2020-09-10,2020-08-10,2.0
2020-10-08,2020-08-10,2.2045012125278256
2020-09-10,2020-08-11,0.3600000000000001
2020-10-08,2020-08-11,3.456416414526343
2020-09-10,2020-08-12,0.1499999999999999
2020-10-08,2020-08-12,-0.44999999999999973
2020-09-10,2020-08-13,0.15999999999999992
2020-10-08,2020-08-13,2.8899999999999997
2020-10-08,2020-08-14,-3.1399999999999997
2020-10-08,2020-08-18,-8.540000000000003
2020-11-12,2020-09-07,0.0
2020-11-12,2020-09-08,2.108242893280897
2020-11-12,2020-09-09,-0.6886692487188757
2020-11-12,2020-09-10,1.4586692487188753
2020-11-12,2020-09-11,0.3600000000000003
2020-11-12,2020-09-14,3.33
2020-11-12,2020-09-15,2.9099999999999993
2020-11-12,2020-09-16,-0.4299999999999997
2020-11-12,2020-09-17,-5.46
2020-11-12,2020-09-18,1.7999999999999998
2020-11-12,2020-09-21,-3.889999999999999
2020-11-12,2020-09-22,-19.18
2020-12-10,2020-10-12,0.0
2020-12-10,2020-10-13,0.040000000000000036
2020-12-10,2020-10-14,-1.1100000000000003
2020-12-10,2020-10-15,-0.7999999999999989
2020-12-10,2020-10-16,-0.75
2020-12-10,2020-10-19,1.089999999999999
2020-12-10,2020-10-20,2.39293143043235
2021-01-14,2020-11-09,0.0
2021-01-14,2020-11-10,-0.1999999999999993
2021-01-14,2020-11-11,1.8499999999999996
2021-01-14,2020-11-12,0.4300000000000006
2021-01-14,2020-11-13,0.29000000000000004
2021-01-14,2020-11-16,4.419999999999999
2021-01-14,2020-11-17,1.0000000000000009
2021-01-14,2020-11-18,0.1200000000000001
2021-01-14,2020-11-19,0.600000000000001
2021-01-14,2020-11-20,0.6199999999999983
2021-01-14,2020-11-23,8.7
2021-01-14,2020-11-24,2.7200000000000006
2021-01-14,2020-11-25,-4.080000000000002
2021-01-14,2020-11-26,5.590000000000002
2021-01-14,2020-11-27,1.5899999999999987
2021-01-14,2020-11-30,-7.540000000000002
2021-01-14,2020-12-04,0.0
2021-02-10,2020-12-04,0.0
2021-01-14,2020-12-07,1.1700000000000008
2021-02-10,2020-12-07,0.32802747810643496
2021-01-14,2020-12-08,-2.750000000000001
2021-02-10,2020-12-08,-4.121534320355682
2021-01-14,2020-12-09,3.870000000000001
2021-02-10,2020-12-09,2.9256024813181867
2021-01-14,2020-12-10,-0.96
2021-02-10,2020-12-10,-0.15000000000000036
2021-01-14,2020-12-11,1.6799999999999997
2021-02-10,2020-12-11,3.5
2021-01-14,2020-12-14,-0.9199999999999999
2021-02-10,2020-12-14,-2.2700000000000014
2021-01-14,2020-12-15,0.05999999999999961
2021-02-10,2020-12-15,-0.05000000000000071
2021-01-14,2020-12-16,1.1000000000000005
2021-02-10,2020-12-16,3.7100000000000017
2021-01-14,2020-12-17,0.17999999999999972
2021-02-10,2020-12-17,-0.6300000000000008
2021-01-14,2020-12-18,0.16000000000000014
2021-02-10,2020-12-18,1.9300000000000006
2021-01-14,2020-12-21,0.11000000000000032
2021-02-10,2020-12-21,-0.6900000000000013
2021-01-14,2020-12-22,-2.75
2021-02-10,2020-12-22,-18.7
2021-02-10,2020-12-28,0.0
2021-02-10,2020-12-29,2.670000000000001
2021-02-10,2020-12-30,2.369999999999999
2021-02-10,2021-01-04,1.4000000000000004
2021-03-11,2021-01-04,0.0
2021-02-10,2021-01-05,0.3900000000000001
2021-03-11,2021-01-05,0.8000000000000007
2021-02-10,2021-01-06,-0.8300000000000001
2021-03-11,2021-01-06,-1.0
2021-02-10,2021-01-07,1.23
2021-03-11,2021-01-07,3.09
2021-02-10,2021-01-08,0.79
2021-03-11,2021-01-08,2.4799999999999995
2021-03-11,2021-01-11,0.19633572820268608
2021-03-11,2021-01-12,-14.57
2021-03-11,2021-01-13,4.541991093886757
2021-03-11,2021-01-14,3.5029901377300297
2021-03-11,2021-01-15,-9.086958595721192
2021-04-08,2021-02-15,0.0
2021-04-08,2021-02-16,1.0
2021-04-08,2021-02-17,-1.8000000000000007
2021-04-08,2021-02-18,-2.049999999999999
2021-04-08,2021-02-19,0.5
2021-04-08,2021-02-22,-0.802594996384677
2021-04-08,2021-02-23,-0.09740500361532334
2021-04-08,2021-02-24,-11.149999999999999
2021-05-13,2021-03-19,0.0
2021-05-13,2021-03-22,0.25
2021-05-13,2021-03-23,-1.8999999999999986
2021-05-13,2021-03-24,-0.8000000000000007
2021-05-13,2021-03-25,2.8599999999999994
2021-05-13,2021-03-26,4.380000000000001
2021-05-13,2021-03-29,-0.2099999999999973
2021-05-13,2021-03-30,7.379999999999997
2021-05-13,2021-03-31,-1.0
2021-05-13,2021-04-01,5.800000000000001
2021-05-13,2021-04-02,4.64
2021-05-13,2021-04-05,2.8200000000000003
2021-06-10,2021-04-05,0.0
2021-05-13,2021-04-06,2.58
2021-06-10,2021-04-06,0.006740829395852188
2021-05-13,2021-04-07,2.51
2021-06-10,2021-04-07,1.3108342999478957
2021-05-13,2021-04-08,1.6799999999999997
2021-06-10,2021-04-08,0.4399999999999995
2021-05-13,2021-04-09,-1.5599999999999996
2021-06-10,2021-04-09,-0.5134770006857092
2021-05-13,2021-04-12,1.92
2021-06-10,2021-04-12,0.06846260023581863
2021-05-13,2021-04-13,3.09
2021-06-10,2021-04-13,6.0277371017034005
2021-05-13,2021-04-14,2.0799999999999996
2021-06-10,2021-04-14,2.8500000000000005
2021-05-13,2021-04-15,-0.25
2021-06-10,2021-04-15,-1.0200000000000022
2021-05-13,2021-04-16,0.06999999999999984
2021-06-10,2021-04-16,0.33000000000000096
2021-05-13,2021-04-19,0.13000000000000034
2021-06-10,2021-04-19,1.0200000000000014
2021-05-13,2021-04-20,0.5099999999999998
2021-06-10,2021-04-20,3.1599999999999993
2021-05-13,2021-04-21,-1.73
2021-06-10,2021-04-21,-14.04
2021-07-08,2021-05-07,0.0
2021-07-08,2021-05-10,0.6807157277688756
2021-07-08,2021-05-11,-6.3100000000000005
2021-07-08,2021-05-12,-6.489999999999998
2021-08-12,2021-06-07,0.0
2021-08-12,2021-06-08,-0.21106072038642765
2021-08-12,2021-06-09,-1.2044105854961629
2021-08-12,2021-06-10,0.5655699844387527
2021-08-12,2021-06-11,1.8447578357200776
2021-08-12,2021-06-14,1.8999999999999986
2021-08-12,2021-06-15,1.799999999999999
2021-08-12,2021-06-16,2.49
2021-08-12,2021-06-17,-3.209999999999998
2021-08-12,2021-06-18,2.37
2021-08-12,2021-06-21,-8.56
2021-08-12,2021-06-22,9.229999999999999
2021-08-12,2021-06-23,5.269999999999999
2021-08-12,2021-06-24,2.630000000000001
2021-08-12,2021-06-25,3.0900000000000016
2021-08-12,2021-06-28,1.1600000000000001
2021-08-12,2021-06-29,-2.700000000000002
2021-08-12,2021-06-30,5.000000000000002
2021-08-12,2021-07-01,-6.460000000000001
2021-09-09,2021-07-16,0.0
2021-09-09,2021-07-19,-2.45
2021-09-09,2021-07-20,-1.5399999999999991
2021-09-09,2021-07-21,-1.9700000000000015
2021-09-09,2021-07-22,5.9700000000000015
2021-09-09,2021-07-23,0.7499999999999991
2021-09-09,2021-07-26,-5.949999999999999
2021-09-09,2021-07-27,1.8500000000000023
2021-09-09,2021-07-28,0.259999999999998
2021-10-14,2021-08-09,0.0
2021-10-14,2021-08-10,-1.33
2021-10-14,2021-08-11,-1.4453121654913996
2021-10-14,2021-08-27,0.0
2021-10-14,2021-08-30,0.8500000000000005
2021-10-14,2021-08-31,5.76
2021-10-14,2021-09-01,0.27
2021-10-14,2021-09-02,-2.1
2021-10-14,2021-09-03,2.2
2021-10-14,2021-09-06,2.3799999999999994
2021-11-11,2021-09-06,0.0
2021-10-14,2021-09-07,-1.2899999999999996
2021-11-11,2021-09-07,-0.7901648062552056
2021-10-14,2021-09-08,-4.01
2021-11-11,2021-09-08,-0.9594009595127115
2021-10-14,2021-09-09,-11.239999999999998
2021-11-11,2021-09-09,-5.209999999999999
2021-12-09,2021-10-15,0.0
2021-12-09,2021-10-18,-0.27000000000000046
2021-12-09,2021-10-19,2.74
2021-12-09,2021-10-20,-0.4399999999999995
2021-12-09,2021-10-21,-0.7200000000000006
2021-12-09,2021-10-22,0.6999999999999993
2021-12-09,2021-10-25,2.160000000000002
2021-12-09,2021-10-26,6.739999999999998
2021-12-09,2021-10-27,-4.759999999999998
2021-12-09,2021-10-28,-0.7300000000000013
2021-12-09,2021-10-29,-11.609999999999998
2021-12-09,2021-11-01,5.329999999999997
2021-12-09,2021-11-02,11.2
2021-12-09,2021-11-03,-11.629999999999999
2022-01-13,2021-11-15,0.0
2022-01-13,2021-11-16,0.54
2022-01-13,2021-11-17,-3.2
2022-01-13,2021-11-18,-0.6999999999999993
2022-01-13,2021-11-19,1.4100000000000001
2022-01-13,2021-11-22,6.7299999999999995
2022-01-13,2021-11-23,-3.33
2022-01-13,2021-11-24,-0.6600000000000001
2022-01-13,2021-11-25,-3.0199999999999987
2022-01-13,2021-11-26,-13.680000000000001
2022-02-10,2021-12-06,0.0
2022-02-10,2021-12-07,1.1633202557208726
2022-02-10,2021-12-08,2.000000000000001
2022-02-10,2021-12-09,0.1299999999999999
2022-02-10,2021-12-10,-0.08999999999999986
2022-02-10,2021-12-13,-0.040000000000000924
2022-02-10,2021-12-14,-2.429999999999997
2022-02-10,2021-12-15,-0.6800000000000015
2022-02-10,2021-12-16,4.79
2022-02-10,2021-12-17,1.1799999999999997
2022-02-10,2021-12-20,-14.910000000000002
2022-02-10,2021-12-21,12.46
2022-02-10,2021-12-22,3.099999999999998
2022-02-10,2021-12-23,6.770000000000001
2022-02-10,2021-12-24,6.130000000000001
2022-02-10,2021-12-27,-5.310000000000003
2022-02-10,2021-12-28,8.000000000000002
2022-02-10,2021-12-29,1.2799999999999985
2022-02-10,2021-12-30,-5.13
2022-03-10,2022-01-14,0.0
2022-03-10,2022-01-17,-1.0199999999999996
2022-04-14,2022-02-07,0.0
2022-04-14,2022-02-08,-0.04513262859333622
2022-04-14,2022-02-09,2.910254547108039
2022-04-14,2022-02-10,0.9410160743437359
2022-04-14,2022-02-11,-1.6075050478393482
2022-04-14,2022-02-14,-5.42
2022-04-14,2022-02-15,-3.849999999999998
2022-04-14,2022-02-16,10.959999999999997
2022-04-14,2022-02-17,0.7500000000000018
2022-04-14,2022-02-18,-0.7200000000000006
2022-04-14,2022-02-21,0.6000000000000014
2022-04-14,2022-02-22,-10.970000000000002
2022-05-12,2022-03-18,0.0
2022-05-12,2022-03-21,-1.1999999999999993
2022-05-12,2022-03-22,3.5
2022-05-12,2022-03-23,3.370000000000001
2022-05-12,2022-03-24,-0.9000000000000012
2022-05-12,2022-03-25,-0.29999999999999893
2022-05-12,2022-03-28,1.089999999999999
2022-05-12,2022-03-29,3.2300000000000013
2022-05-12,2022-03-30,3.51
2022-05-12,2022-03-31,3.079999999999999
2022-05-12,2022-04-01,-2.64
2022-05-12,2022-04-04,5.24
2022-06-09,2022-04-04,0.0
2022-05-12,2022-04-05,1.4300000000000024
2022-06-09,2022-04-05,0.3100000000000005
2022-05-12,2022-04-06,-7.400000000000003
2022-06-09,2022-04-06,-1.62
2022-05-12,2022-04-07,-11.259999999999998
2022-06-09,2022-04-07,-2.5
2022-06-09,2022-04-22,0.0
2022-06-09,2022-04-25,-3.1899999999999995
2022-07-14,2022-05-20,0.0
2022-07-14,2022-05-23,0.5099999999999998
2022-07-14,2022-05-24,-5.9
2022-07-14,2022-05-25,2.1999999999999993
2022-07-14,2022-05-26,-1.0199999999999996
2022-07-14,2022-05-27,3.9400000000000013
2022-07-14,2022-05-30,7.0699999999999985
2022-07-14,2022-05-31,2.9300000000000006
2022-08-11,2022-05-31,0.0
2022-07-14,2022-06-02,-4.659999999999998
2022-08-11,2022-06-02,0.0
2022-07-14,2022-06-03,4.119999999999998
2022-08-11,2022-06-03,0.0
2022-07-14,2022-06-07,-14.030000000000001
2022-08-11,2022-06-07,0.0
2022-07-14,2022-06-08,5.039999999999999
2022-08-11,2022-06-08,0.0
2022-07-14,2022-06-09,-2.5599999999999987
2022-08-11,2022-06-09,0.0
2022-08-11,2022-06-10,0.0
2022-08-11,2022-06-13,0.0
2022-08-11,2022-06-14,0.0
2022-08-11,2022-06-15,0.0
2022-08-11,2022-06-16,0.0
2022-08-11,2022-06-17,0.0
2022-08-11,2022-06-20,0.0
2022-08-11,2022-06-21,0.0
2022-08-11,2022-06-22,0.0
2022-08-11,2022-06-23,0.0
2022-08-11,2022-06-24,0.0
2022-08-11,2022-06-27,0.0
2022-08-11,2022-06-28,0.0
2022-08-11,2022-06-29,0.0
2022-08-11,2022-06-30,0.0
2022-08-11,2022-07-01,0.0
2022-08-11,2022-07-04,0.0
2022-08-11,2022-07-05,0.0
2022-08-11,2022-07-06,0.0
2022-08-11,2022-07-07,0.0
2022-08-11,2022-07-08,0.0
2022-08-11,2022-07-11,0.0
2022-08-11,2022-07-12,0.0
2022-08-11,2022-07-13,0.0
2022-08-11,2022-07-14,0.0
2022-08-11,2022-07-15,0.0
2022-08-11,2022-07-18,0.0
2022-09-08,2022-07-18,0.0
2022-08-11,2022-07-19,0.0
2022-09-08,2022-07-19,-0.5199999999999996
2022-08-11,2022-07-20,0.0
2022-09-08,2022-07-20,1.0999999999999996
2022-08-11,2022-07-21,0.0
2022-09-08,2022-07-21,1.0
2022-08-11,2022-07-22,0.0
2022-09-08,2022-07-22,-0.25
2022-08-11,2022-07-25,0.0
2022-09-08,2022-07-25,1.3200000000000003
2022-08-11,2022-07-26,0.0
2022-09-08,2022-07-26,1.83
2022-08-11,2022-07-27,0.0
2022-09-08,2022-07-27,0.1900000000000004
2022-08-11,2022-07-28,0.0
2022-09-08,2022-07-28,3.24
2022-08-11,2022-07-29,0.0
2022-09-08,2022-07-29,1.8299999999999996
2022-08-11,2022-08-01,0.0
2022-09-08,2022-08-01,0.4700000000000002
2022-08-11,2022-08-02,0.0
2022-09-08,2022-08-02,-3.26
2022-08-11,2022-08-03,0.0
2022-09-08,2022-08-03,4.0600000000000005
2022-08-11,2022-08-04,0.0
2022-09-08,2022-08-04,2.7399999999999998
2022-08-11,2022-08-05,0.0
2022-09-08,2022-08-05,2.53
2022-08-11,2022-08-08,0.0
2022-09-08,2022-08-08,0.3699999999999999
2022-10-13,2022-08-08,0.0
2022-08-11,2022-08-09,0.0
2022-09-08,2022-08-09,1.8300000000000003
2022-10-13,2022-08-09,0.3099999999999996
2022-08-11,2022-08-10,0.0
2022-09-08,2022-08-10,-2.7300000000000004
2022-10-13,2022-08-10,-0.8999999999999995
2022-08-11,2022-08-11,0.0
2022-09-08,2022-08-11,4.640000000000001
2022-10-13,2022-08-11,1.54
2022-09-08,2022-08-12,0.22999999999999998
2022-10-13,2022-08-12,1.2800000000000002
2022-09-08,2022-08-16,0.48
2022-10-13,2022-08-16,1.3200000000000003
2022-09-08,2022-08-17,-0.26
2022-10-13,2022-08-17,-0.8600000000000003
2022-09-08,2022-08-18,-0.2799999999999998
2022-10-13,2022-08-18,-1.04
2022-11-10,2022-09-01,0.0
2022-11-10,2022-09-02,0.0
2022-11-10,2022-09-05,0.0
2022-11-10,2022-09-06,0.0
2022-11-10,2022-09-07,0.0
2022-11-10,2022-09-08,0.0
2022-11-10,2022-09-13,0.0
2022-11-10,2022-09-14,0.0
2022-11-10,2022-09-15,0.0
2022-11-10,2022-09-16,0.0
2022-11-10,2022-09-19,0.0
2022-11-10,2022-09-20,0.0
2022-11-10,2022-09-21,0.0
2022-11-10,2022-09-22,0.0
2022-11-10,2022-09-23,0.0
2022-11-10,2022-09-26,0.0
2022-11-10,2022-09-27,0.0
2022-11-10,2022-09-28,0.0
2022-11-10,2022-09-29,0.0
2022-11-10,2022-09-30,0.0
2022-11-10,2022-10-04,0.0
2022-11-10,2022-10-05,0.0
2022-11-10,2022-10-06,0.0
2022-11-10,2022-10-07,0.0
2022-12-08,2022-10-07,0.0
2022-11-10,2022-10-11,0.0
2022-12-08,2022-10-11,-2.879999999999999
2022-11-10,2022-10-12,0.0
2022-12-08,2022-10-12,1.4899999999999984
2022-11-10,2022-10-13,0.0
2022-12-08,2022-10-13,-2.7399999999999984
2022-11-10,2022-10-14,0.0
2022-12-08,2022-10-14,3.9499999999999993
2023-04-13,2022-10-14,0.0
2022-11-10,2022-10-17,0.0
2022-12-08,2022-10-17,-0.08000000000000007
2023-04-13,2022-10-17,0.0
2022-11-10,2022-10-18,0.0
2022-12-08,2022-10-18,5.580000000000001
2023-04-13,2022-10-18,0.0
2022-11-10,2022-10-19,0.0
2022-12-08,2022-10-19,-2.070000000000001
2023-04-13,2022-10-19,0.0
2022-11-10,2022-10-20,0.0
2022-12-08,2022-10-20,-3.6599999999999993
2023-04-13,2022-10-20,0.0
2022-11-10,2022-10-21,0.0
2022-12-08,2022-10-21,1.049999999999999
2023-04-13,2022-10-21,0.0
2022-11-10,2022-10-24,0.0
2022-12-08,2022-10-24,4.600000000000001
2023-04-13,2022-10-24,0.0
2022-11-10,2022-10-25,0.0
2022-12-08,2022-10-25,0.6699999999999982
2023-04-13,2022-10-25,0.0
2022-11-10,2022-10-26,0.0
2022-12-08,2022-10-26,5.120000000000001
2023-04-13,2022-10-26,0.0
2022-11-10,2022-10-27,0.0
2022-12-08,2022-10-27,8.450000000000001
2023-04-13,2022-10-27,0.0
2022-11-10,2022-10-28,0.0
2022-12-08,2022-10-28,-4.969999999999999
2023-04-13,2022-10-28,0.0
2022-11-10,2022-10-31,0.0
2022-12-08,2022-10-31,10.399999999999999
2023-04-13,2022-10-31,0.0
2022-11-10,2022-11-01,0.0
2022-12-08,2022-11-01,5.67
2023-04-13,2022-11-01,0.0
2022-11-10,2022-11-02,0.0
2022-12-08,2022-11-02,0.9400000000000004
2023-04-13,2022-11-02,0.0
2022-11-10,2022-11-03,0.0
2022-12-08,2022-11-03,-2.279999999999999
2023-04-13,2022-11-03,0.0
2022-11-10,2022-11-04,0.0
2022-12-08,2022-11-04,4.249999999999998
2023-04-13,2022-11-04,0.0
2022-11-10,2022-11-07,0.0
2022-12-08,2022-11-07,3.59
2023-01-12,2022-11-07,0.0
2023-04-13,2022-11-07,0.0
2022-11-10,2022-11-08,0.0
2022-12-08,2022-11-08,0.79
2023-01-12,2022-11-08,1.5589435047441356
2023-04-13,2022-11-08,0.0
2022-11-10,2022-11-09,0.0
2023-01-12,2022-11-09,0.4515172560741627
2023-04-13,2022-11-09,0.0
2022-11-10,2022-11-10,0.0
2023-01-12,2022-11-10,-1.2999999999999998
2023-04-13,2022-11-10,0.0
2023-01-12,2022-11-11,3.51
2023-04-13,2022-11-11,0.0
2023-01-12,2022-11-14,-0.47000000000000064
2023-04-13,2022-11-14,0.0
2023-01-12,2022-11-15,0.3200000000000003
2023-04-13,2022-11-15,0.0
2023-01-12,2022-11-16,-0.23999999999999888
2023-04-13,2022-11-16,0.0
2023-01-12,2022-11-17,-4.590000000000002
2023-04-13,2022-11-17,0.0
2023-01-12,2022-11-18,-0.3699999999999992
2023-04-13,2022-11-18,0.0
2023-04-13,2022-11-21,0.0
2023-04-13,2022-11-22,0.0
2023-04-13,2022-11-23,0.0
2023-04-13,2022-11-24,0.0
2023-04-13,2022-11-25,0.0
2023-04-13,2022-11-28,0.0
2023-04-13,2022-11-29,0.0
2023-04-13,2022-11-30,0.0
2023-04-13,2022-12-01,0.0
2023-01-12,2022-12-02,0.0
2023-04-13,2022-12-02,0.0
2023-01-12,2022-12-05,-0.21999999999999975
2023-02-09,2022-12-05,0.0
2023-04-13,2022-12-05,0.0
2023-01-12,2022-12-06,-2.2699999999999996
2023-02-09,2022-12-06,-1.0099999999999998
2023-04-13,2022-12-06,0.0
2023-04-13,2022-12-07,0.0
2023-04-13,2022-12-08,0.0
2023-04-13,2022-12-09,0.0
2023-04-13,2022-12-12,0.0
2023-04-13,2022-12-13,0.0
2023-04-13,2022-12-14,0.0
2023-04-13,2022-12-15,0.0
2023-04-13,2022-12-16,0.0
2023-04-13,2022-12-19,0.0
2023-04-13,2022-12-20,0.0
2023-04-13,2022-12-21,0.0
2023-04-13,2022-12-22,0.0
2023-04-13,2022-12-23,0.0
2023-04-13,2022-12-26,0.0
2023-04-13,2022-12-27,0.0
2023-04-13,2022-12-28,0.0
2023-04-13,2022-12-29,0.0
2023-04-13,2023-01-02,0.0
2023-04-13,2023-01-03,0.0
2023-04-13,2023-01-04,0.0
2023-04-13,2023-01-05,0.0
2023-03-09,2023-01-06,0.0
2023-04-13,2023-01-06,0.0
2023-03-09,2023-01-09,1.98
2023-04-13,2023-01-09,0.0
2023-03-09,2023-01-10,0.6500000000000004
2023-04-13,2023-01-10,0.0
2023-03-09,2023-01-11,1.7999999999999998
2023-04-13,2023-01-11,0.0
2023-03-09,2023-01-12,0.020000000000000462
2023-04-13,2023-01-12,0.0
2023-03-09,2023-01-13,1.9499999999999997
2023-04-13,2023-01-13,0.0
2023-03-09,2023-01-16,2.34
2023-04-13,2023-01-16,0.0
2023-03-09,2023-01-17,-2.4699999999999998
2023-04-13,2023-01-17,0.0
2023-03-09,2023-01-18,-1.6700000000000004
2023-04-13,2023-01-18,0.0
2023-03-09,2023-01-19,1.79
2023-04-13,2023-01-19,0.0
2023-03-09,2023-01-20,2.770000000000001
2023-04-13,2023-01-20,0.0
2023-03-09,2023-01-25,8.27
2023-04-13,2023-01-25,0.0
2023-03-09,2023-01-26,3.9999999999999996
2023-04-13,2023-01-26,0.0
2023-03-09,2023-01-27,1.0799999999999998
2023-04-13,2023-01-27,0.0
2023-03-09,2023-01-30,-4.37
2023-04-13,2023-01-30,0.0
2023-03-09,2023-01-31,-7.210000000000001
2023-04-13,2023-01-31,0.0
2023-04-13,2023-02-01,0.0
2023-04-13,2023-02-02,0.0
2023-04-13,2023-02-03,0.0
2023-04-13,2023-02-06,0.0
2023-04-13,2023-02-07,0.0
2023-04-13,2023-02-08,0.0
2023-04-13,2023-02-09,0.0
2023-04-13,2023-02-10,0.0
2023-04-13,2023-02-13,0.0
2023-04-13,2023-02-14,0.0
2023-04-13,2023-02-15,0.0
2023-04-13,2023-02-16,0.0
2023-04-13,2023-02-17,0.0
2023-04-13,2023-02-20,0.0
2023-04-13,2023-02-21,0.0
2023-04-13,2023-02-22,0.0
2023-04-13,2023-02-23,0.0
2023-04-13,2023-02-24,0.0
2023-04-13,2023-02-27,0.0
2023-04-13,2023-02-28,0.0
2023-04-13,2023-03-02,0.0
2023-04-13,2023-03-03,0.0
2023-04-13,2023-03-06,0.0
2023-04-13,2023-03-07,0.0
2023-04-13,2023-03-08,0.0
2023-04-13,2023-03-09,0.0
2023-04-13,2023-03-10,0.0
2023-04-13,2023-03-13,0.0
2023-04-13,2023-03-14,0.0
2023-04-13,2023-03-15,0.0
2023-04-13,2023-03-16,0.0
2023-04-13,2023-03-17,0.0
2023-04-13,2023-03-20,0.0
2023-04-13,2023-03-21,0.0
2023-04-13,2023-03-22,0.0
2023-04-13,2023-03-23,0.0
2023-04-13,2023-03-24,0.0
2023-05-11,2023-03-24,0.0
2023-04-13,2023-03-27,0.0
2023-05-11,2023-03-27,-0.23000000000000043
2023-04-13,2023-03-28,0.0
2023-05-11,2023-03-28,2.9800000000000004
2023-04-13,2023-03-29,0.0
2023-05-11,2023-03-29,1.12
2023-04-13,2023-03-30,0.0
2023-05-11,2023-03-30,1.46
2023-04-13,2023-03-31,0.0
2023-05-11,2023-03-31,1.7999999999999998
2023-04-13,2023-04-03,0.0
2023-05-11,2023-04-03,-0.7300000000000004
2023-06-08,2023-04-03,0.0
2023-04-13,2023-04-04,0.0
2023-05-11,2023-04-04,2.0500000000000003
2023-06-08,2023-04-04,0.9799999999999995
2023-04-13,2023-04-05,0.0
2023-05-11,2023-04-05,1.3499999999999996
2023-06-08,2023-04-05,0.71
2023-04-13,2023-04-06,0.0
2023-05-11,2023-04-06,-4.92
2023-06-08,2023-04-06,-2.3099999999999996
2023-04-13,2023-04-07,0.0
2023-05-11,2023-04-07,4.699999999999999
2023-06-08,2023-04-07,2.08
2023-04-13,2023-04-10,0.0
2023-05-11,2023-04-10,2.07
2023-06-08,2023-04-10,2.13
2023-04-13,2023-04-11,0.0
2023-05-11,2023-04-11,1.1099999999999999
2023-06-08,2023-04-11,4.129999999999999
2023-04-13,2023-04-12,0.0
2023-05-11,2023-04-12,0.22999999999999998
2023-06-08,2023-04-12,0.8100000000000009
2023-04-13,2023-04-13,0.0
2023-05-11,2023-04-13,0.20999999999999996
2023-06-08,2023-04-13,0.9499999999999997
2023-05-11,2023-04-14,0.24
2023-06-08,2023-04-14,0.6299999999999994
2023-05-11,2023-04-17,0.19000000000000006
2023-06-08,2023-04-17,1.1400000000000006
2023-06-08,2023-04-18,0.5699999999999998
2023-06-08,2023-04-19,0.6399999999999999
2023-06-08,2023-04-20,-0.6599999999999993
2023-07-13,2023-05-08,0.0
2023-07-13,2023-05-09,-0.6799999999999997
2023-07-13,2023-05-10,-0.40000000000000036
2023-07-13,2023-05-11,0.20000000000000018
2023-07-13,2023-05-12,-0.79
2023-07-13,2023-05-15,1.2599999999999998
2023-07-13,2023-05-19,0.0
2023-07-13,2023-05-22,1.04
2023-07-13,2023-05-23,0.9500000000000002
2023-07-13,2023-05-24,-1.0600000000000005
2023-07-13,2023-05-25,-0.3199999999999994
2023-07-13,2023-05-26,1.4000000000000004
2023-07-13,2023-05-30,5.67
2023-07-13,2023-05-31,-2.440000000000001
2023-07-13,2023-06-01,-0.1200000000000001
2023-07-13,2023-06-02,4.780000000000001
2023-07-13,2023-06-05,1.81
2023-07-13,2023-06-07,0.3300000000000005
2023-07-13,2023-06-08,-0.11000000000000054
2023-07-13,2023-06-09,5.12
2023-07-13,2023-06-12,-1.4499999999999997
2023-07-13,2023-06-13,1.1300000000000003
2023-07-13,2023-06-14,-0.96
2023-07-13,2023-06-15,-0.39000000000000057
